timestamp,device_id,temp_c,vibration,power_kw,occupancy
2025-08-15T08:34:28.080215,AHU-1,22.01,0.204,14.65,77
2025-08-15T08:34:29.080215,AHU-2,21.73,0.206,16.39,51
2025-08-15T08:34:30.080215,AHU-3,21.01,0.213,17.46,62
2025-08-15T08:34:31.080215,AHU-1,22.72,0.222,15.76,62
2025-08-15T08:34:32.080215,AHU-2,21.29,0.243,13.75,64
2025-08-15T08:34:33.080215,AHU-3,22.67,0.215,14.44,51
2025-08-15T08:34:34.080215,AHU-1,21.16,0.208,13.09,76
2025-08-15T08:34:35.080215,AHU-2,21.82,0.211,14.06,54
2025-08-15T08:34:36.080215,AHU-3,21.5,0.212,17.74,79
2025-08-15T08:34:37.080215,AHU-1,23.06,0.21,12.68,64
2025-08-15T08:34:38.080215,AHU-2,21.46,0.202,15.78,75
2025-08-15T08:34:39.080215,AHU-3,21.75,0.204,14.34,77
2025-08-15T08:34:40.080215,AHU-1,22.93,0.211,13.85,65
2025-08-15T08:34:41.080215,AHU-2,21.76,0.228,14.16,64
2025-08-15T08:34:42.080215,AHU-3,22.17,0.234,15.11,61
2025-08-15T08:34:43.080215,AHU-1,22.35,0.203,12.1,60
2025-08-15T08:34:44.080215,AHU-2,22.3,0.223,16.56,63
2025-08-15T08:34:45.080215,AHU-3,22.67,0.214,14.13,71
2025-08-15T08:34:46.080215,AHU-1,22.7,0.22,14.91,59
2025-08-15T08:34:47.080215,AHU-2,21.89,0.223,17.31,51
2025-08-15T08:34:48.080215,AHU-3,23.7,0.213,14.1,52
2025-08-15T08:34:49.080215,AHU-1,20.21,0.201,15.55,78
2025-08-15T08:34:50.080215,AHU-2,21.17,0.206,14.82,61
2025-08-15T08:34:51.080215,AHU-3,23.0,0.23,15.45,61
2025-08-15T08:34:52.080215,AHU-1,21.84,0.204,13.69,58
2025-08-15T08:34:53.080215,AHU-2,21.75,0.22,14.54,55
2025-08-15T08:34:54.080215,AHU-3,22.22,0.217,14.93,73
2025-08-15T08:34:55.080215,AHU-1,21.59,0.205,15.59,54
2025-08-15T08:34:56.080215,AHU-2,22.01,0.224,11.92,70
2025-08-15T08:34:57.080215,AHU-3,21.57,0.215,14.33,61
2025-08-15T08:34:58.080215,AHU-1,22.22,0.231,15.58,57
2025-08-15T08:34:59.080215,AHU-2,21.94,0.234,12.92,54
2025-08-15T08:35:00.080215,AHU-3,23.39,0.211,16.0,59
2025-08-15T08:35:01.080215,AHU-1,22.51,0.202,16.52,75
2025-08-15T08:35:02.080215,AHU-2,21.82,0.2,16.47,52
2025-08-15T08:35:03.080215,AHU-3,22.53,0.204,13.32,53
2025-08-15T08:35:04.080215,AHU-1,21.81,0.227,16.43,60
2025-08-15T08:35:05.080215,AHU-2,22.42,0.212,15.11,77
2025-08-15T08:35:06.080215,AHU-3,23.52,0.234,12.85,76
2025-08-15T08:35:07.080215,AHU-1,21.78,0.207,12.09,55
2025-08-15T08:35:08.080215,AHU-2,21.08,0.226,13.24,72
2025-08-15T08:35:09.080215,AHU-3,22.85,0.206,12.67,70
2025-08-15T08:35:10.080215,AHU-1,23.72,0.204,12.09,68
2025-08-15T08:35:11.080215,AHU-2,20.17,0.225,12.77,60
2025-08-15T08:35:12.080215,AHU-3,21.59,0.221,12.55,63
2025-08-15T08:35:13.080215,AHU-1,21.78,0.208,17.64,63
2025-08-15T08:35:14.080215,AHU-2,22.29,0.206,13.97,77
2025-08-15T08:35:15.080215,AHU-3,21.39,0.211,15.9,78
2025-08-15T08:35:16.080215,AHU-1,22.29,0.215,17.02,67
2025-08-15T08:35:17.080215,AHU-2,20.9,0.204,13.24,73
2025-08-15T08:35:18.080215,AHU-3,21.51,0.221,16.45,70
2025-08-15T08:35:19.080215,AHU-1,20.72,0.203,16.73,54
2025-08-15T08:35:20.080215,AHU-2,20.84,0.231,14.46,50
2025-08-15T08:35:21.080215,AHU-3,23.08,0.206,14.24,60
2025-08-15T08:35:22.080215,AHU-1,20.31,0.228,17.21,65
2025-08-15T08:35:23.080215,AHU-2,20.18,0.207,14.51,65
2025-08-15T08:35:24.080215,AHU-3,22.19,0.202,12.11,70
2025-08-15T08:35:25.080215,AHU-1,20.89,0.205,13.79,79
2025-08-15T08:35:26.080215,AHU-2,21.74,0.212,13.59,79
2025-08-15T08:35:27.080215,AHU-3,21.16,0.235,15.24,65
2025-08-15T08:35:28.080215,AHU-1,22.79,0.202,14.49,63
2025-08-15T08:35:29.080215,AHU-2,21.92,0.216,14.6,66
2025-08-15T08:35:30.080215,AHU-3,22.66,0.203,15.78,77
2025-08-15T08:35:31.080215,AHU-1,22.76,0.212,13.52,51
2025-08-15T08:35:32.080215,AHU-2,22.26,0.211,14.35,61
2025-08-15T08:35:33.080215,AHU-3,22.02,0.236,16.7,50
2025-08-15T08:35:34.080215,AHU-1,23.51,0.23,12.97,68
2025-08-15T08:35:35.080215,AHU-2,20.63,0.217,16.43,63
2025-08-15T08:35:36.080215,AHU-3,22.81,0.207,16.57,50
2025-08-15T08:35:37.080215,AHU-1,22.3,0.207,13.94,54
2025-08-15T08:35:38.080215,AHU-2,20.53,0.23,13.62,51
2025-08-15T08:35:39.080215,AHU-3,22.43,0.208,15.17,56
2025-08-15T08:35:40.080215,AHU-1,21.28,0.23,15.91,54
2025-08-15T08:35:41.080215,AHU-2,21.37,0.202,13.88,54
2025-08-15T08:35:42.080215,AHU-3,21.36,0.202,14.21,66
2025-08-15T08:35:43.080215,AHU-1,22.52,0.227,16.09,51
2025-08-15T08:35:44.080215,AHU-2,20.92,0.205,15.16,75
2025-08-15T08:35:45.080215,AHU-3,21.92,0.229,15.26,61
2025-08-15T08:35:46.080215,AHU-1,22.65,0.232,16.3,57
2025-08-15T08:35:47.080215,AHU-2,21.85,0.237,11.43,70
2025-08-15T08:35:48.080215,AHU-3,22.53,0.202,15.02,66
2025-08-15T08:35:49.080215,AHU-1,21.92,0.232,15.71,63
2025-08-15T08:35:50.080215,AHU-2,21.52,0.226,13.91,67
2025-08-15T08:35:51.080215,AHU-3,21.81,0.2,15.28,67
2025-08-15T08:35:52.080215,AHU-1,21.44,0.224,16.03,58
2025-08-15T08:35:53.080215,AHU-2,23.62,0.203,16.91,67
2025-08-15T08:35:54.080215,AHU-3,21.73,0.217,14.6,72
2025-08-15T08:35:55.080215,AHU-1,23.15,0.235,18.95,66
2025-08-15T08:35:56.080215,AHU-2,20.89,0.21,16.7,65
2025-08-15T08:35:57.080215,AHU-3,23.31,0.22,14.04,74
2025-08-15T08:35:58.080215,AHU-1,21.42,0.224,15.33,54
2025-08-15T08:35:59.080215,AHU-2,22.56,0.21,15.04,73
2025-08-15T08:36:00.080215,AHU-3,21.76,0.206,15.28,65
2025-08-15T08:36:01.080215,AHU-1,20.35,0.234,11.89,62
2025-08-15T08:36:02.080215,AHU-2,22.1,0.205,15.55,62
2025-08-15T08:36:03.080215,AHU-3,22.83,0.205,15.03,78
2025-08-15T08:36:04.080215,AHU-1,21.66,0.205,13.0,78
2025-08-15T08:36:05.080215,AHU-2,22.1,0.203,15.17,58
2025-08-15T08:36:06.080215,AHU-3,23.73,0.209,13.98,69
2025-08-15T08:36:07.080215,AHU-1,22.79,0.212,15.22,68
2025-08-15T08:36:08.080215,AHU-2,21.02,0.231,17.17,68
2025-08-15T08:36:09.080215,AHU-3,22.54,0.216,16.37,72
2025-08-15T08:36:10.080215,AHU-1,22.52,0.208,14.86,54
2025-08-15T08:36:11.080215,AHU-2,21.01,0.239,15.33,75
2025-08-15T08:36:12.080215,AHU-3,21.87,0.203,14.56,79
2025-08-15T08:36:13.080215,AHU-1,22.85,0.203,16.67,62
2025-08-15T08:36:14.080215,AHU-2,20.54,0.222,15.73,67
2025-08-15T08:36:15.080215,AHU-3,21.37,0.21,16.68,75
2025-08-15T08:36:16.080215,AHU-1,21.72,0.206,17.18,53
2025-08-15T08:36:17.080215,AHU-2,22.05,0.237,14.47,76
2025-08-15T08:36:18.080215,AHU-3,23.47,0.257,16.14,50
2025-08-15T08:36:19.080215,AHU-1,22.25,0.212,14.9,51
2025-08-15T08:36:20.080215,AHU-2,21.79,0.208,14.2,76
2025-08-15T08:36:21.080215,AHU-3,22.88,0.212,13.78,72
2025-08-15T08:36:22.080215,AHU-1,22.5,0.207,15.21,67
2025-08-15T08:36:23.080215,AHU-2,21.01,0.206,17.08,65
2025-08-15T08:36:24.080215,AHU-3,21.64,0.211,12.28,54
2025-08-15T08:36:25.080215,AHU-1,21.55,0.213,12.77,69
2025-08-15T08:36:26.080215,AHU-2,22.89,0.2,13.97,71
2025-08-15T08:36:27.080215,AHU-3,21.61,0.22,13.42,50
2025-08-15T08:36:28.080215,AHU-1,23.24,0.228,14.88,65
2025-08-15T08:36:29.080215,AHU-2,22.05,0.21,16.56,66
2025-08-15T08:36:30.080215,AHU-3,21.96,0.214,16.13,55
2025-08-15T08:36:31.080215,AHU-1,22.71,0.22,16.3,79
2025-08-15T08:36:32.080215,AHU-2,21.61,0.207,15.53,52
2025-08-15T08:36:33.080215,AHU-3,23.64,0.232,15.62,60
2025-08-15T08:36:34.080215,AHU-1,21.89,0.21,18.12,59
2025-08-15T08:36:35.080215,AHU-2,22.31,0.236,15.6,54
2025-08-15T08:36:36.080215,AHU-3,21.25,0.204,15.8,59
2025-08-15T08:36:37.080215,AHU-1,21.27,0.208,16.01,51
2025-08-15T08:36:38.080215,AHU-2,21.82,0.241,16.63,53
2025-08-15T08:36:39.080215,AHU-3,21.06,0.229,16.32,50
2025-08-15T08:36:40.080215,AHU-1,22.51,0.212,13.38,60
2025-08-15T08:36:41.080215,AHU-2,21.46,0.215,15.3,67
2025-08-15T08:36:42.080215,AHU-3,22.36,0.21,16.8,70
2025-08-15T08:36:43.080215,AHU-1,21.67,0.207,11.41,72
2025-08-15T08:36:44.080215,AHU-2,21.73,0.233,16.52,63
2025-08-15T08:36:45.080215,AHU-3,21.68,0.222,15.23,79
2025-08-15T08:36:46.080215,AHU-1,22.09,0.214,13.32,70
2025-08-15T08:36:47.080215,AHU-2,21.3,0.228,15.43,55
2025-08-15T08:36:48.080215,AHU-3,22.81,0.223,14.76,75
2025-08-15T08:36:49.080215,AHU-1,22.63,0.226,15.33,79
2025-08-15T08:36:50.080215,AHU-2,22.45,0.205,13.88,73
2025-08-15T08:36:51.080215,AHU-3,21.64,0.211,14.25,50
2025-08-15T08:36:52.080215,AHU-1,22.84,0.218,15.71,78
2025-08-15T08:36:53.080215,AHU-2,23.22,0.225,12.59,66
2025-08-15T08:36:54.080215,AHU-3,21.24,0.217,15.31,58
2025-08-15T08:36:55.080215,AHU-1,23.13,0.215,14.95,69
2025-08-15T08:36:56.080215,AHU-2,21.65,0.205,16.22,62
2025-08-15T08:36:57.080215,AHU-3,21.24,0.229,16.44,58
2025-08-15T08:36:58.080215,AHU-1,22.48,0.206,14.93,63
2025-08-15T08:36:59.080215,AHU-2,21.92,0.227,15.84,72
2025-08-15T08:37:00.080215,AHU-3,22.38,0.207,14.59,53
2025-08-15T08:37:01.080215,AHU-1,20.01,0.202,14.13,53
2025-08-15T08:37:02.080215,AHU-2,22.74,0.207,17.1,65
2025-08-15T08:37:03.080215,AHU-3,21.44,0.208,14.5,66
2025-08-15T08:37:04.080215,AHU-1,22.92,0.201,13.98,51
2025-08-15T08:37:05.080215,AHU-2,22.55,0.215,16.85,57
2025-08-15T08:37:06.080215,AHU-3,21.28,0.213,12.94,78
2025-08-15T08:37:07.080215,AHU-1,19.77,0.23,15.7,57
2025-08-15T08:37:08.080215,AHU-2,21.4,0.215,16.88,64
2025-08-15T08:37:09.080215,AHU-3,21.34,0.205,14.07,57
2025-08-15T08:37:10.080215,AHU-1,22.43,0.201,18.13,57
2025-08-15T08:37:11.080215,AHU-2,22.48,0.207,16.59,52
2025-08-15T08:37:12.080215,AHU-3,22.25,0.239,14.66,76
2025-08-15T08:37:13.080215,AHU-1,22.91,0.213,14.74,68
2025-08-15T08:37:14.080215,AHU-2,21.81,0.213,14.88,74
2025-08-15T08:37:15.080215,AHU-3,21.81,0.21,16.28,53
2025-08-15T08:37:16.080215,AHU-1,23.27,0.218,15.6,62
2025-08-15T08:37:17.080215,AHU-2,23.0,0.226,13.76,53
2025-08-15T08:37:18.080215,AHU-3,23.78,0.208,12.24,61
2025-08-15T08:37:19.080215,AHU-1,21.52,0.208,13.72,56
2025-08-15T08:37:20.080215,AHU-2,23.01,0.217,16.07,74
2025-08-15T08:37:21.080215,AHU-3,22.6,0.208,11.96,70
2025-08-15T08:37:22.080215,AHU-1,20.99,0.233,15.83,56
2025-08-15T08:37:23.080215,AHU-2,20.81,0.201,13.55,65
2025-08-15T08:37:24.080215,AHU-3,22.03,0.227,13.63,68
2025-08-15T08:37:25.080215,AHU-1,21.33,0.219,13.19,52
2025-08-15T08:37:26.080215,AHU-2,21.78,0.21,14.0,71
2025-08-15T08:37:27.080215,AHU-3,20.99,0.208,15.66,73
2025-08-15T08:37:28.080215,AHU-1,21.79,0.226,15.66,60
2025-08-15T08:37:29.080215,AHU-2,22.72,0.206,17.21,72
2025-08-15T08:37:30.080215,AHU-3,22.2,0.21,15.22,61
2025-08-15T08:37:31.080215,AHU-1,22.11,0.219,15.72,66
2025-08-15T08:37:32.080215,AHU-2,22.22,0.21,15.12,75
2025-08-15T08:37:33.080215,AHU-3,21.93,0.21,14.12,55
2025-08-15T08:37:34.080215,AHU-1,21.44,0.216,13.43,79
2025-08-15T08:37:35.080215,AHU-2,23.49,0.212,14.87,77
2025-08-15T08:37:36.080215,AHU-3,20.4,0.202,14.59,63
2025-08-15T08:37:37.080215,AHU-1,21.34,0.202,14.71,76
2025-08-15T08:37:38.080215,AHU-2,21.89,0.222,11.27,79
2025-08-15T08:37:39.080215,AHU-3,20.88,0.209,15.94,77
2025-08-15T08:37:40.080215,AHU-1,22.36,0.234,14.95,67
2025-08-15T08:37:41.080215,AHU-2,23.17,0.21,15.28,59
2025-08-15T08:37:42.080215,AHU-3,21.62,0.208,18.6,75
2025-08-15T08:37:43.080215,AHU-1,20.88,0.242,14.45,68
2025-08-15T08:37:44.080215,AHU-2,21.28,0.218,16.96,59
2025-08-15T08:37:45.080215,AHU-3,21.34,0.224,13.7,56
2025-08-15T08:37:46.080215,AHU-1,20.74,0.207,17.86,70
2025-08-15T08:37:47.080215,AHU-2,22.87,0.201,13.62,70
2025-08-15T08:37:48.080215,AHU-3,22.29,0.204,14.98,56
2025-08-15T08:37:49.080215,AHU-1,22.82,0.219,17.76,66
2025-08-15T08:37:50.080215,AHU-2,20.95,0.208,13.19,55
2025-08-15T08:37:51.080215,AHU-3,21.61,0.203,15.95,60
2025-08-15T08:37:52.080215,AHU-1,22.06,0.204,14.9,66
2025-08-15T08:37:53.080215,AHU-2,22.85,0.218,12.73,58
2025-08-15T08:37:54.080215,AHU-3,22.21,0.225,13.84,64
2025-08-15T08:37:55.080215,AHU-1,20.39,0.221,14.85,55
2025-08-15T08:37:56.080215,AHU-2,22.94,0.205,14.63,68
2025-08-15T08:37:57.080215,AHU-3,22.77,0.225,15.28,54
2025-08-15T08:37:58.080215,AHU-1,22.29,0.224,18.13,50
2025-08-15T08:37:59.080215,AHU-2,22.4,0.202,14.15,56
2025-08-15T08:38:00.080215,AHU-3,22.05,0.214,12.89,58
2025-08-15T08:38:01.080215,AHU-1,22.64,0.226,12.44,57
2025-08-15T08:38:02.080215,AHU-2,22.16,0.225,13.89,67
2025-08-15T08:38:03.080215,AHU-3,22.21,0.211,14.93,61
2025-08-15T08:38:04.080215,AHU-1,22.68,0.231,15.06,53
2025-08-15T08:38:05.080215,AHU-2,20.98,0.22,15.56,56
2025-08-15T08:38:06.080215,AHU-3,20.64,0.231,13.67,52
2025-08-15T08:38:07.080215,AHU-1,23.47,0.203,15.19,60
2025-08-15T08:38:08.080215,AHU-2,21.68,0.252,17.56,61
2025-08-15T08:38:09.080215,AHU-3,22.98,0.216,16.47,55
2025-08-15T08:38:10.080215,AHU-1,21.59,0.211,17.49,76
2025-08-15T08:38:11.080215,AHU-2,22.09,0.231,17.43,78
2025-08-15T08:38:12.080215,AHU-3,20.72,0.21,13.78,66
2025-08-15T08:38:13.080215,AHU-1,21.65,0.208,15.55,76
2025-08-15T08:38:14.080215,AHU-2,23.13,0.209,15.85,59
2025-08-15T08:38:15.080215,AHU-3,22.97,0.225,16.66,52
2025-08-15T08:38:16.080215,AHU-1,22.98,0.22,14.27,76
2025-08-15T08:38:17.080215,AHU-2,22.23,0.201,15.55,50
2025-08-15T08:38:18.080215,AHU-3,21.88,0.214,14.97,78
2025-08-15T08:38:19.080215,AHU-1,22.19,0.214,14.56,76
2025-08-15T08:38:20.080215,AHU-2,21.66,0.219,13.28,64
2025-08-15T08:38:21.080215,AHU-3,22.52,0.231,14.09,61
2025-08-15T08:38:22.080215,AHU-1,20.93,0.238,13.08,66
2025-08-15T08:38:23.080215,AHU-2,22.49,0.211,13.68,70
2025-08-15T08:38:24.080215,AHU-3,21.87,0.213,16.6,58
2025-08-15T08:38:25.080215,AHU-1,22.03,0.214,17.56,52
2025-08-15T08:38:26.080215,AHU-2,22.42,0.208,13.74,70
2025-08-15T08:38:27.080215,AHU-3,20.97,0.222,17.63,59
2025-08-15T08:38:28.080215,AHU-1,20.89,0.211,16.38,79
2025-08-15T08:38:29.080215,AHU-2,21.8,0.212,15.01,52
2025-08-15T08:38:30.080215,AHU-3,21.57,0.21,16.1,50
2025-08-15T08:38:31.080215,AHU-1,22.7,0.208,10.64,50
2025-08-15T08:38:32.080215,AHU-2,23.53,0.223,14.3,78
2025-08-15T08:38:33.080215,AHU-3,21.14,0.245,10.6,52
2025-08-15T08:38:34.080215,AHU-1,21.35,0.206,14.97,58
2025-08-15T08:38:35.080215,AHU-2,20.64,0.23,17.35,58
2025-08-15T08:38:36.080215,AHU-3,21.95,0.208,16.87,78
2025-08-15T08:38:37.080215,AHU-1,21.53,0.211,15.6,55
2025-08-15T08:38:38.080215,AHU-2,23.16,0.223,15.28,74
2025-08-15T08:38:39.080215,AHU-3,21.38,0.223,15.56,62
2025-08-15T08:38:40.080215,AHU-1,22.07,0.213,15.58,75
2025-08-15T08:38:41.080215,AHU-2,22.69,0.227,15.03,72
2025-08-15T08:38:42.080215,AHU-3,22.87,0.21,15.75,54
2025-08-15T08:38:43.080215,AHU-1,21.66,0.237,13.86,61
2025-08-15T08:38:44.080215,AHU-2,21.64,0.201,15.99,77
2025-08-15T08:38:45.080215,AHU-3,20.75,0.22,14.82,76
2025-08-15T08:38:46.080215,AHU-1,21.94,0.208,13.34,75
2025-08-15T08:38:47.080215,AHU-2,21.46,0.22,13.16,56
2025-08-15T08:38:48.080215,AHU-3,21.91,0.258,15.18,55
2025-08-15T08:38:49.080215,AHU-1,22.3,0.224,18.41,78
2025-08-15T08:38:50.080215,AHU-2,23.04,0.21,17.25,73
2025-08-15T08:38:51.080215,AHU-3,21.95,0.203,14.05,51
2025-08-15T08:38:52.080215,AHU-1,21.19,0.214,14.94,66
2025-08-15T08:38:53.080215,AHU-2,22.05,0.222,16.51,64
2025-08-15T08:38:54.080215,AHU-3,20.73,0.203,15.12,59
2025-08-15T08:38:55.080215,AHU-1,22.45,0.205,14.1,76
2025-08-15T08:38:56.080215,AHU-2,21.41,0.208,15.55,50
2025-08-15T08:38:57.080215,AHU-3,22.8,0.207,15.65,68
2025-08-15T08:38:58.080215,AHU-1,21.76,0.202,15.2,61
2025-08-15T08:38:59.080215,AHU-2,22.35,0.206,15.56,68
2025-08-15T08:39:00.080215,AHU-3,22.11,0.227,13.41,77
2025-08-15T08:39:01.080215,AHU-1,21.34,0.212,14.79,66
2025-08-15T08:39:02.080215,AHU-2,21.32,0.214,17.11,79
2025-08-15T08:39:03.080215,AHU-3,22.35,0.215,19.01,68
2025-08-15T08:39:04.080215,AHU-1,22.13,0.216,14.6,53
2025-08-15T08:39:05.080215,AHU-2,20.55,0.212,14.83,63
2025-08-15T08:39:06.080215,AHU-3,22.22,0.217,14.98,59
2025-08-15T08:39:07.080215,AHU-1,21.96,0.226,15.86,61
2025-08-15T08:39:08.080215,AHU-2,21.97,0.211,14.29,53
2025-08-15T08:39:09.080215,AHU-3,21.64,0.22,14.53,71
2025-08-15T08:39:10.080215,AHU-1,23.26,0.213,14.43,56
2025-08-15T08:39:11.080215,AHU-2,22.52,0.247,13.8,57
2025-08-15T08:39:12.080215,AHU-3,21.14,0.232,15.57,72
2025-08-15T08:39:13.080215,AHU-1,23.59,0.206,15.37,61
2025-08-15T08:39:14.080215,AHU-2,22.22,0.211,16.39,74
2025-08-15T08:39:15.080215,AHU-3,21.62,0.203,15.07,56
2025-08-15T08:39:16.080215,AHU-1,22.4,0.207,15.5,78
2025-08-15T08:39:17.080215,AHU-2,21.86,0.236,14.14,76
2025-08-15T08:39:18.080215,AHU-3,22.4,0.203,15.89,72
2025-08-15T08:39:19.080215,AHU-1,22.09,0.218,15.71,52
2025-08-15T08:39:20.080215,AHU-2,21.98,0.23,15.65,54
2025-08-15T08:39:21.080215,AHU-3,21.99,0.206,13.11,79
2025-08-15T08:39:22.080215,AHU-1,21.37,0.207,11.96,52
2025-08-15T08:39:23.080215,AHU-2,21.86,0.217,15.73,78
2025-08-15T08:39:24.080215,AHU-3,22.24,0.207,14.04,55
2025-08-15T08:39:25.080215,AHU-1,21.66,0.204,15.07,60
2025-08-15T08:39:26.080215,AHU-2,23.47,0.217,17.11,64
2025-08-15T08:39:27.080215,AHU-3,22.55,0.203,16.02,57
2025-08-15T08:39:28.080215,AHU-1,22.94,0.241,14.89,72
2025-08-15T08:39:29.080215,AHU-2,22.69,0.247,15.53,65
2025-08-15T08:39:30.080215,AHU-3,22.55,0.215,13.62,54
2025-08-15T08:39:31.080215,AHU-1,20.33,0.258,15.88,70
2025-08-15T08:39:32.080215,AHU-2,21.27,0.223,14.98,52
2025-08-15T08:39:33.080215,AHU-3,23.02,0.23,14.32,73
2025-08-15T08:39:34.080215,AHU-1,20.6,0.227,17.79,62
2025-08-15T08:39:35.080215,AHU-2,21.94,0.206,15.25,76
2025-08-15T08:39:36.080215,AHU-3,22.98,0.216,16.09,58
2025-08-15T08:39:37.080215,AHU-1,22.77,0.226,14.78,71
2025-08-15T08:39:38.080215,AHU-2,22.92,0.207,14.85,69
2025-08-15T08:39:39.080215,AHU-3,22.22,0.214,17.0,77
2025-08-15T08:39:40.080215,AHU-1,19.92,0.201,17.57,68
2025-08-15T08:39:41.080215,AHU-2,22.15,0.222,15.24,52
2025-08-15T08:39:42.080215,AHU-3,21.21,0.212,14.18,62
2025-08-15T08:39:43.080215,AHU-1,22.17,0.223,14.3,53
2025-08-15T08:39:44.080215,AHU-2,22.73,0.239,15.22,62
2025-08-15T08:39:45.080215,AHU-3,21.54,0.251,14.75,59
2025-08-15T08:39:46.080215,AHU-1,22.38,0.216,13.41,55
2025-08-15T08:39:47.080215,AHU-2,23.59,0.228,15.82,64
2025-08-15T08:39:48.080215,AHU-3,22.25,0.206,16.57,62
2025-08-15T08:39:49.080215,AHU-1,22.55,0.207,14.7,75
2025-08-15T08:39:50.080215,AHU-2,22.49,0.228,14.58,53
2025-08-15T08:39:51.080215,AHU-3,20.63,0.236,14.76,74
2025-08-15T08:39:52.080215,AHU-1,20.56,0.211,12.67,73
2025-08-15T08:39:53.080215,AHU-2,21.1,0.207,17.15,74
2025-08-15T08:39:54.080215,AHU-3,23.36,0.207,13.04,75
2025-08-15T08:39:55.080215,AHU-1,22.58,0.203,14.07,68
2025-08-15T08:39:56.080215,AHU-2,22.66,0.213,15.23,71
2025-08-15T08:39:57.080215,AHU-3,22.99,0.25,14.02,76
2025-08-15T08:39:58.080215,AHU-1,22.35,0.223,14.31,50
2025-08-15T08:39:59.080215,AHU-2,23.02,0.235,14.74,70
2025-08-15T08:40:00.080215,AHU-3,21.43,0.232,17.81,56
2025-08-15T08:40:01.080215,AHU-1,21.3,0.205,13.06,56
2025-08-15T08:40:02.080215,AHU-2,22.63,0.228,12.86,62
2025-08-15T08:40:03.080215,AHU-3,23.46,0.212,15.53,65
2025-08-15T08:40:04.080215,AHU-1,21.67,0.205,15.3,67
2025-08-15T08:40:05.080215,AHU-2,22.45,0.227,15.33,52
2025-08-15T08:40:06.080215,AHU-3,22.5,0.213,14.47,73
2025-08-15T08:40:07.080215,AHU-1,21.61,0.204,14.56,61
2025-08-15T08:40:08.080215,AHU-2,22.39,0.202,15.06,53
2025-08-15T08:40:09.080215,AHU-3,22.2,0.209,15.52,77
2025-08-15T08:40:10.080215,AHU-1,21.86,0.206,11.55,56
2025-08-15T08:40:11.080215,AHU-2,21.25,0.214,16.22,65
2025-08-15T08:40:12.080215,AHU-3,21.84,0.212,14.62,78
2025-08-15T08:40:13.080215,AHU-1,21.42,0.204,15.17,58
2025-08-15T08:40:14.080215,AHU-2,21.95,0.206,13.94,64
2025-08-15T08:40:15.080215,AHU-3,22.19,0.203,18.26,52
2025-08-15T08:40:16.080215,AHU-1,21.85,0.234,13.07,77
2025-08-15T08:40:17.080215,AHU-2,21.28,0.219,15.61,66
2025-08-15T08:40:18.080215,AHU-3,22.15,0.206,15.69,73
2025-08-15T08:40:19.080215,AHU-1,20.56,0.229,16.04,70
2025-08-15T08:40:20.080215,AHU-2,22.51,0.209,13.08,73
2025-08-15T08:40:21.080215,AHU-3,21.03,0.207,15.32,73
2025-08-15T08:40:22.080215,AHU-1,22.12,0.216,15.88,72
2025-08-15T08:40:23.080215,AHU-2,20.86,0.236,17.1,62
2025-08-15T08:40:24.080215,AHU-3,21.18,0.202,16.88,59
2025-08-15T08:40:25.080215,AHU-1,21.86,0.214,16.04,63
2025-08-15T08:40:26.080215,AHU-2,21.35,0.201,14.86,79
2025-08-15T08:40:27.080215,AHU-3,22.0,0.223,15.99,79
2025-08-15T08:40:28.080215,AHU-1,22.44,0.202,13.61,50
2025-08-15T08:40:29.080215,AHU-2,22.95,0.215,13.85,60
2025-08-15T08:40:30.080215,AHU-3,21.37,0.222,14.27,73
2025-08-15T08:40:31.080215,AHU-1,22.39,0.222,14.62,60
2025-08-15T08:40:32.080215,AHU-2,22.73,0.239,16.89,62
2025-08-15T08:40:33.080215,AHU-3,21.82,0.204,17.72,79
2025-08-15T08:40:34.080215,AHU-1,21.16,0.22,15.91,54
2025-08-15T08:40:35.080215,AHU-2,21.96,0.217,14.94,53
2025-08-15T08:40:36.080215,AHU-3,21.71,0.231,15.98,72
2025-08-15T08:40:37.080215,AHU-1,21.53,0.212,18.18,61
2025-08-15T08:40:38.080215,AHU-2,22.88,0.222,14.47,63
2025-08-15T08:40:39.080215,AHU-3,22.28,0.213,16.52,65
2025-08-15T08:40:40.080215,AHU-1,20.47,0.215,16.55,57
2025-08-15T08:40:41.080215,AHU-2,22.54,0.203,13.45,64
2025-08-15T08:40:42.080215,AHU-3,21.63,0.22,16.64,61
2025-08-15T08:40:43.080215,AHU-1,21.56,0.223,16.99,58
2025-08-15T08:40:44.080215,AHU-2,21.4,0.223,16.55,71
2025-08-15T08:40:45.080215,AHU-3,22.28,0.207,13.5,58
2025-08-15T08:40:46.080215,AHU-1,23.13,0.256,16.2,62
2025-08-15T08:40:47.080215,AHU-2,22.55,0.214,13.26,53
2025-08-15T08:40:48.080215,AHU-3,22.73,0.239,17.03,74
2025-08-15T08:40:49.080215,AHU-1,22.47,0.225,16.44,63
2025-08-15T08:40:50.080215,AHU-2,20.89,0.204,12.83,77
2025-08-15T08:40:51.080215,AHU-3,21.58,0.21,14.2,64
2025-08-15T08:40:52.080215,AHU-1,20.84,0.23,15.18,63
2025-08-15T08:40:53.080215,AHU-2,21.56,0.225,13.86,76
2025-08-15T08:40:54.080215,AHU-3,22.17,0.215,12.39,69
2025-08-15T08:40:55.080215,AHU-1,22.62,0.218,15.49,59
2025-08-15T08:40:56.080215,AHU-2,21.04,0.23,12.82,63
2025-08-15T08:40:57.080215,AHU-3,22.22,0.219,16.39,66
2025-08-15T08:40:58.080215,AHU-1,21.46,0.215,17.52,57
2025-08-15T08:40:59.080215,AHU-2,23.06,0.223,14.96,67
2025-08-15T08:41:00.080215,AHU-3,21.73,0.208,14.63,70
2025-08-15T08:41:01.080215,AHU-1,21.82,0.219,15.42,76
2025-08-15T08:41:02.080215,AHU-2,22.39,0.23,14.6,74
2025-08-15T08:41:03.080215,AHU-3,22.1,0.23,16.34,79
2025-08-15T08:41:04.080215,AHU-1,22.05,0.216,17.19,77
2025-08-15T08:41:05.080215,AHU-2,20.69,0.213,12.9,60
2025-08-15T08:41:06.080215,AHU-3,22.3,0.216,11.92,65
2025-08-15T08:41:07.080215,AHU-1,22.35,0.202,15.82,61
2025-08-15T08:41:08.080215,AHU-2,20.73,0.231,15.25,63
2025-08-15T08:41:09.080215,AHU-3,23.01,0.207,16.82,55
2025-08-15T08:41:10.080215,AHU-1,21.04,0.212,13.96,50
2025-08-15T08:41:11.080215,AHU-2,21.83,0.219,13.94,54
2025-08-15T08:41:12.080215,AHU-3,22.75,0.215,12.62,61
2025-08-15T08:41:13.080215,AHU-1,21.49,0.207,16.6,68
2025-08-15T08:41:14.080215,AHU-2,22.87,0.243,15.98,50
2025-08-15T08:41:15.080215,AHU-3,22.16,0.203,15.0,56
2025-08-15T08:41:16.080215,AHU-1,21.73,0.216,15.79,51
2025-08-15T08:41:17.080215,AHU-2,21.01,0.211,16.88,66
2025-08-15T08:41:18.080215,AHU-3,20.59,0.21,14.45,52
2025-08-15T08:41:19.080215,AHU-1,22.21,0.217,15.59,76
2025-08-15T08:41:20.080215,AHU-2,21.94,0.214,15.73,65
2025-08-15T08:41:21.080215,AHU-3,23.28,0.207,15.82,56
2025-08-15T08:41:22.080215,AHU-1,23.05,0.214,15.93,68
2025-08-15T08:41:23.080215,AHU-2,22.96,0.219,16.59,50
2025-08-15T08:41:24.080215,AHU-3,22.91,0.223,15.03,74
2025-08-15T08:41:25.080215,AHU-1,22.47,0.214,15.47,76
2025-08-15T08:41:26.080215,AHU-2,21.09,0.215,16.24,68
2025-08-15T08:41:27.080215,AHU-3,22.72,0.205,13.76,54
2025-08-15T08:41:28.080215,AHU-1,21.9,0.22,13.64,50
2025-08-15T08:41:29.080215,AHU-2,22.17,0.215,14.17,57
2025-08-15T08:41:30.080215,AHU-3,22.4,0.217,13.49,59
2025-08-15T08:41:31.080215,AHU-1,22.59,0.211,15.18,71
2025-08-15T08:41:32.080215,AHU-2,22.91,0.208,16.36,57
2025-08-15T08:41:33.080215,AHU-3,20.57,0.203,13.95,60
2025-08-15T08:41:34.080215,AHU-1,23.39,0.203,14.11,58
2025-08-15T08:41:35.080215,AHU-2,23.17,0.222,14.77,69
2025-08-15T08:41:36.080215,AHU-3,21.17,0.239,16.06,69
2025-08-15T08:41:37.080215,AHU-1,21.87,0.206,14.44,75
2025-08-15T08:41:38.080215,AHU-2,22.68,0.219,14.55,75
2025-08-15T08:41:39.080215,AHU-3,21.82,0.216,13.1,53
2025-08-15T08:41:40.080215,AHU-1,22.51,0.221,16.06,68
2025-08-15T08:41:41.080215,AHU-2,22.85,0.216,12.97,71
2025-08-15T08:41:42.080215,AHU-3,22.06,0.21,13.55,67
2025-08-15T08:41:43.080215,AHU-1,23.39,0.222,14.19,55
2025-08-15T08:41:44.080215,AHU-2,21.26,0.206,17.61,77
2025-08-15T08:41:45.080215,AHU-3,22.83,0.263,14.12,53
2025-08-15T08:41:46.080215,AHU-1,21.36,0.228,14.04,52
2025-08-15T08:41:47.080215,AHU-2,22.99,0.228,11.47,51
2025-08-15T08:41:48.080215,AHU-3,20.43,0.202,13.81,75
2025-08-15T08:41:49.080215,AHU-1,22.38,0.204,17.29,58
2025-08-15T08:41:50.080215,AHU-2,21.82,0.224,11.49,65
2025-08-15T08:41:51.080215,AHU-3,21.45,0.215,16.42,69
2025-08-15T08:41:52.080215,AHU-1,22.89,0.207,16.59,71
2025-08-15T08:41:53.080215,AHU-2,21.86,0.217,14.35,56
2025-08-15T08:41:54.080215,AHU-3,20.58,0.213,13.43,50
2025-08-15T08:41:55.080215,AHU-1,21.23,0.214,15.05,59
2025-08-15T08:41:56.080215,AHU-2,21.79,0.205,15.84,79
2025-08-15T08:41:57.080215,AHU-3,23.32,0.231,14.49,52
2025-08-15T08:41:58.080215,AHU-1,21.41,0.246,14.48,53
2025-08-15T08:41:59.080215,AHU-2,22.09,0.223,16.83,67
2025-08-15T08:42:00.080215,AHU-3,23.11,0.203,14.58,75
2025-08-15T08:42:01.080215,AHU-1,22.89,0.213,14.5,51
2025-08-15T08:42:02.080215,AHU-2,21.84,0.229,16.36,75
2025-08-15T08:42:03.080215,AHU-3,23.44,0.208,15.58,54
2025-08-15T08:42:04.080215,AHU-1,23.38,0.204,15.32,57
2025-08-15T08:42:05.080215,AHU-2,22.35,0.212,15.83,53
2025-08-15T08:42:06.080215,AHU-3,21.75,0.211,15.7,68
2025-08-15T08:42:07.080215,AHU-1,21.59,0.218,18.14,61
2025-08-15T08:42:08.080215,AHU-2,21.62,0.202,16.31,66
2025-08-15T08:42:09.080215,AHU-3,22.75,0.209,13.52,56
2025-08-15T08:42:10.080215,AHU-1,22.3,0.213,17.08,67
2025-08-15T08:42:11.080215,AHU-2,22.11,0.202,12.37,63
2025-08-15T08:42:12.080215,AHU-3,21.29,0.207,14.22,73
2025-08-15T08:42:13.080215,AHU-1,23.99,0.237,15.76,75
2025-08-15T08:42:14.080215,AHU-2,22.51,0.227,13.17,64
2025-08-15T08:42:15.080215,AHU-3,21.88,0.203,15.73,70
2025-08-15T08:42:16.080215,AHU-1,21.46,0.216,13.41,66
2025-08-15T08:42:17.080215,AHU-2,22.78,0.215,14.33,74
2025-08-15T08:42:18.080215,AHU-3,21.98,0.202,16.09,70
2025-08-15T08:42:19.080215,AHU-1,22.8,0.207,15.27,69
2025-08-15T08:42:20.080215,AHU-2,21.69,0.212,14.57,78
2025-08-15T08:42:21.080215,AHU-3,22.82,0.213,14.01,70
2025-08-15T08:42:22.080215,AHU-1,21.17,0.21,16.69,55
2025-08-15T08:42:23.080215,AHU-2,22.08,0.208,14.09,77
2025-08-15T08:42:24.080215,AHU-3,21.13,0.207,16.99,77
2025-08-15T08:42:25.080215,AHU-1,21.5,0.209,16.24,76
2025-08-15T08:42:26.080215,AHU-2,21.79,0.227,18.66,77
2025-08-15T08:42:27.080215,AHU-3,22.15,0.204,15.16,78
2025-08-15T08:42:28.080215,AHU-1,22.23,0.223,15.7,53
2025-08-15T08:42:29.080215,AHU-2,23.05,0.215,14.97,68
2025-08-15T08:42:30.080215,AHU-3,22.09,0.218,16.43,77
2025-08-15T08:42:31.080215,AHU-1,22.31,0.216,12.76,78
2025-08-15T08:42:32.080215,AHU-2,21.77,0.208,16.95,69
2025-08-15T08:42:33.080215,AHU-3,21.54,0.203,13.01,50
2025-08-15T08:42:34.080215,AHU-1,22.98,0.215,16.46,61
2025-08-15T08:42:35.080215,AHU-2,21.05,0.227,14.27,79
2025-08-15T08:42:36.080215,AHU-3,22.81,0.224,15.7,61
2025-08-15T08:42:37.080215,AHU-1,22.65,0.221,13.51,54
2025-08-15T08:42:38.080215,AHU-2,21.4,0.204,15.76,78
2025-08-15T08:42:39.080215,AHU-3,22.01,0.225,16.65,60
2025-08-15T08:42:40.080215,AHU-1,21.2,0.222,13.12,62
2025-08-15T08:42:41.080215,AHU-2,22.29,0.215,12.3,60
2025-08-15T08:42:42.080215,AHU-3,22.24,0.204,15.73,74
2025-08-15T08:42:43.080215,AHU-1,21.49,0.203,12.15,69
2025-08-15T08:42:44.080215,AHU-2,22.74,0.224,17.86,53
2025-08-15T08:42:45.080215,AHU-3,20.61,0.235,15.56,74
2025-08-15T08:42:46.080215,AHU-1,24.37,0.26,14.48,63
2025-08-15T08:42:47.080215,AHU-2,21.66,0.212,15.56,58
2025-08-15T08:42:48.080215,AHU-3,21.22,0.206,15.26,75
2025-08-15T08:42:49.080215,AHU-1,22.6,0.214,13.43,69
2025-08-15T08:42:50.080215,AHU-2,21.17,0.207,15.34,68
2025-08-15T08:42:51.080215,AHU-3,22.83,0.204,11.73,57
2025-08-15T08:42:52.080215,AHU-1,22.4,0.202,16.47,78
2025-08-15T08:42:53.080215,AHU-2,21.0,0.206,12.69,60
2025-08-15T08:42:54.080215,AHU-3,22.98,0.21,14.61,72
2025-08-15T08:42:55.080215,AHU-1,22.61,0.209,17.64,57
2025-08-15T08:42:56.080215,AHU-2,23.07,0.231,15.08,53
2025-08-15T08:42:57.080215,AHU-3,22.81,0.211,15.81,53
2025-08-15T08:42:58.080215,AHU-1,21.3,0.225,17.26,55
2025-08-15T08:42:59.080215,AHU-2,21.13,0.242,12.05,65
2025-08-15T08:43:00.080215,AHU-3,22.78,0.21,12.63,56
2025-08-15T08:43:01.080215,AHU-1,21.9,0.206,16.92,58
2025-08-15T08:43:02.080215,AHU-2,23.17,0.207,16.14,74
2025-08-15T08:43:03.080215,AHU-3,21.27,0.205,13.67,67
2025-08-15T08:43:04.080215,AHU-1,21.68,0.205,14.38,65
2025-08-15T08:43:05.080215,AHU-2,23.04,0.22,14.81,69
2025-08-15T08:43:06.080215,AHU-3,20.33,0.207,16.17,79
2025-08-15T08:43:07.080215,AHU-1,21.98,0.212,13.91,63
2025-08-15T08:43:08.080215,AHU-2,23.3,0.226,11.57,58
2025-08-15T08:43:09.080215,AHU-3,22.69,0.217,13.61,62
2025-08-15T08:43:10.080215,AHU-1,21.72,0.21,17.38,65
2025-08-15T08:43:11.080215,AHU-2,20.66,0.206,14.09,59
2025-08-15T08:43:12.080215,AHU-3,21.66,0.22,15.8,68
2025-08-15T08:43:13.080215,AHU-1,22.33,0.234,16.05,77
2025-08-15T08:43:14.080215,AHU-2,21.53,0.217,16.53,77
2025-08-15T08:43:15.080215,AHU-3,23.05,0.241,15.88,74
2025-08-15T08:43:16.080215,AHU-1,23.57,0.213,14.93,58
2025-08-15T08:43:17.080215,AHU-2,22.21,0.216,12.97,78
2025-08-15T08:43:18.080215,AHU-3,22.57,0.248,17.19,58
2025-08-15T08:43:19.080215,AHU-1,21.39,0.227,12.89,79
2025-08-15T08:43:20.080215,AHU-2,21.5,0.234,14.79,61
2025-08-15T08:43:21.080215,AHU-3,22.21,0.219,16.69,52
2025-08-15T08:43:22.080215,AHU-1,23.04,0.208,14.25,69
2025-08-15T08:43:23.080215,AHU-2,22.57,0.221,15.66,65
2025-08-15T08:43:24.080215,AHU-3,22.81,0.231,14.91,61
2025-08-15T08:43:25.080215,AHU-1,22.75,0.218,13.56,77
2025-08-15T08:43:26.080215,AHU-2,21.09,0.227,13.25,64
2025-08-15T08:43:27.080215,AHU-3,22.36,0.203,15.16,63
2025-08-15T08:43:28.080215,AHU-1,22.41,0.205,15.06,50
2025-08-15T08:43:29.080215,AHU-2,21.75,0.238,13.49,74
2025-08-15T08:43:30.080215,AHU-3,22.81,0.214,15.72,69
2025-08-15T08:43:31.080215,AHU-1,22.82,0.207,16.66,54
2025-08-15T08:43:32.080215,AHU-2,22.23,0.207,15.47,66
2025-08-15T08:43:33.080215,AHU-3,22.16,0.211,14.55,50
2025-08-15T08:43:34.080215,AHU-1,22.65,0.226,13.69,54
2025-08-15T08:43:35.080215,AHU-2,20.24,0.212,13.39,71
2025-08-15T08:43:36.080215,AHU-3,20.65,0.236,16.37,62
2025-08-15T08:43:37.080215,AHU-1,22.03,0.217,16.42,66
2025-08-15T08:43:38.080215,AHU-2,21.97,0.217,12.92,53
2025-08-15T08:43:39.080215,AHU-3,22.57,0.204,14.3,77
2025-08-15T08:43:40.080215,AHU-1,21.87,0.203,17.57,50
2025-08-15T08:43:41.080215,AHU-2,22.47,0.202,16.7,51
2025-08-15T08:43:42.080215,AHU-3,23.08,0.221,13.82,69
2025-08-15T08:43:43.080215,AHU-1,21.8,0.225,15.61,55
2025-08-15T08:43:44.080215,AHU-2,23.41,0.214,12.46,71
2025-08-15T08:43:45.080215,AHU-3,21.52,0.215,14.55,76
2025-08-15T08:43:46.080215,AHU-1,20.86,0.216,13.47,55
2025-08-15T08:43:47.080215,AHU-2,22.51,0.221,14.26,51
2025-08-15T08:43:48.080215,AHU-3,23.26,0.203,15.78,68
2025-08-15T08:43:49.080215,AHU-1,23.86,0.209,14.66,53
2025-08-15T08:43:50.080215,AHU-2,22.1,0.237,15.25,58
2025-08-15T08:43:51.080215,AHU-3,21.7,0.205,13.44,65
2025-08-15T08:43:52.080215,AHU-1,22.73,0.221,14.18,62
2025-08-15T08:43:53.080215,AHU-2,21.59,0.234,15.21,74
2025-08-15T08:43:54.080215,AHU-3,23.01,0.207,13.54,58
2025-08-15T08:43:55.080215,AHU-1,20.31,0.204,14.66,76
2025-08-15T08:43:56.080215,AHU-2,22.98,0.204,14.59,54
2025-08-15T08:43:57.080215,AHU-3,22.26,0.203,15.39,63
2025-08-15T08:43:58.080215,AHU-1,22.33,0.212,13.66,56
2025-08-15T08:43:59.080215,AHU-2,21.97,0.227,16.86,50
2025-08-15T08:44:00.080215,AHU-3,21.61,0.21,16.67,50
2025-08-15T08:44:01.080215,AHU-1,21.37,0.212,18.7,77
2025-08-15T08:44:02.080215,AHU-2,22.24,0.205,16.7,51
2025-08-15T08:44:03.080215,AHU-3,22.06,0.211,16.57,61
2025-08-15T08:44:04.080215,AHU-1,24.4,0.203,15.87,68
2025-08-15T08:44:05.080215,AHU-2,21.86,0.226,17.34,72
2025-08-15T08:44:06.080215,AHU-3,21.92,0.238,17.49,67
2025-08-15T08:44:07.080215,AHU-1,21.58,0.204,15.58,59
2025-08-15T08:44:08.080215,AHU-2,23.64,0.205,14.27,68
2025-08-15T08:44:09.080215,AHU-3,22.74,0.221,16.12,76
2025-08-15T08:44:10.080215,AHU-1,21.26,0.232,15.58,65
2025-08-15T08:44:11.080215,AHU-2,22.17,0.205,16.33,63
2025-08-15T08:44:12.080215,AHU-3,22.13,0.215,16.14,57
2025-08-15T08:44:13.080215,AHU-1,22.06,0.213,13.11,72
2025-08-15T08:44:14.080215,AHU-2,21.79,0.218,19.26,72
2025-08-15T08:44:15.080215,AHU-3,20.78,0.221,12.2,57
2025-08-15T08:44:16.080215,AHU-1,20.9,0.236,16.14,67
2025-08-15T08:44:17.080215,AHU-2,21.26,0.222,16.16,61
2025-08-15T08:44:18.080215,AHU-3,21.2,0.215,15.26,76
2025-08-15T08:44:19.080215,AHU-1,21.63,0.235,14.85,61
2025-08-15T08:44:20.080215,AHU-2,21.74,0.217,15.95,62
2025-08-15T08:44:21.080215,AHU-3,20.72,0.228,10.48,77
2025-08-15T08:44:22.080215,AHU-1,21.33,0.205,14.82,77
2025-08-15T08:44:23.080215,AHU-2,23.1,0.228,15.43,77
2025-08-15T08:44:24.080215,AHU-3,22.42,0.217,15.72,70
2025-08-15T08:44:25.080215,AHU-1,21.28,0.213,15.22,60
2025-08-15T08:44:26.080215,AHU-2,22.18,0.207,15.75,55
2025-08-15T08:44:27.080215,AHU-3,20.31,0.21,14.92,51
2025-08-15T08:44:28.080215,AHU-1,21.13,0.226,14.92,60
2025-08-15T08:44:29.080215,AHU-2,21.93,0.212,13.92,58
2025-08-15T08:44:30.080215,AHU-3,22.84,0.239,13.2,61
2025-08-15T08:44:31.080215,AHU-1,20.64,0.235,14.01,54
2025-08-15T08:44:32.080215,AHU-2,22.29,0.211,18.04,72
2025-08-15T08:44:33.080215,AHU-3,21.69,0.216,12.06,68
2025-08-15T08:44:34.080215,AHU-1,21.83,0.215,16.53,76
2025-08-15T08:44:35.080215,AHU-2,21.3,0.207,14.56,70
2025-08-15T08:44:36.080215,AHU-3,21.08,0.206,15.89,75
2025-08-15T08:44:37.080215,AHU-1,22.49,0.21,15.72,62
2025-08-15T08:44:38.080215,AHU-2,21.89,0.224,14.58,63
2025-08-15T08:44:39.080215,AHU-3,22.89,0.24,15.4,53
2025-08-15T08:44:40.080215,AHU-1,22.15,0.21,16.69,76
2025-08-15T08:44:41.080215,AHU-2,21.93,0.218,14.44,65
2025-08-15T08:44:42.080215,AHU-3,22.7,0.215,16.95,78
2025-08-15T08:44:43.080215,AHU-1,22.41,0.204,17.44,68
2025-08-15T08:44:44.080215,AHU-2,21.55,0.233,15.1,52
2025-08-15T08:44:45.080215,AHU-3,22.5,0.208,13.62,74
2025-08-15T08:44:46.080215,AHU-1,22.18,0.22,15.62,69
2025-08-15T08:44:47.080215,AHU-2,20.73,0.259,18.32,50
2025-08-15T08:44:48.080215,AHU-3,22.78,0.225,12.43,50
2025-08-15T08:44:49.080215,AHU-1,21.23,0.203,12.56,70
2025-08-15T08:44:50.080215,AHU-2,22.26,0.206,16.22,66
2025-08-15T08:44:51.080215,AHU-3,22.33,0.258,14.21,70
2025-08-15T08:44:52.080215,AHU-1,19.8,0.248,15.8,58
2025-08-15T08:44:53.080215,AHU-2,22.01,0.216,12.79,78
2025-08-15T08:44:54.080215,AHU-3,21.23,0.207,13.31,60
2025-08-15T08:44:55.080215,AHU-1,22.76,0.207,16.2,74
2025-08-15T08:44:56.080215,AHU-2,22.32,0.226,15.75,50
2025-08-15T08:44:57.080215,AHU-3,21.8,0.223,14.67,59
2025-08-15T08:44:58.080215,AHU-1,21.11,0.21,14.5,65
2025-08-15T08:44:59.080215,AHU-2,21.34,0.227,13.68,65
2025-08-15T08:45:00.080215,AHU-3,21.77,0.204,13.74,67
2025-08-15T08:45:01.080215,AHU-1,20.57,0.227,14.77,59
2025-08-15T08:45:02.080215,AHU-2,21.19,0.234,14.46,62
2025-08-15T08:45:03.080215,AHU-3,22.63,0.208,14.18,54
2025-08-15T08:45:04.080215,AHU-1,23.36,0.208,16.1,77
2025-08-15T08:45:05.080215,AHU-2,21.56,0.21,14.99,79
2025-08-15T08:45:06.080215,AHU-3,22.3,0.232,14.63,69
2025-08-15T08:45:07.080215,AHU-1,21.11,0.218,15.89,68
2025-08-15T08:45:08.080215,AHU-2,21.29,0.208,15.27,67
2025-08-15T08:45:09.080215,AHU-3,22.53,0.226,15.96,71
2025-08-15T08:45:10.080215,AHU-1,21.77,0.209,14.45,60
2025-08-15T08:45:11.080215,AHU-2,23.37,0.244,15.59,65
2025-08-15T08:45:12.080215,AHU-3,21.62,0.242,14.33,53
2025-08-15T08:45:13.080215,AHU-1,21.31,0.223,17.28,51
2025-08-15T08:45:14.080215,AHU-2,22.73,0.206,14.08,50
2025-08-15T08:45:15.080215,AHU-3,22.09,0.209,13.44,70
2025-08-15T08:45:16.080215,AHU-1,20.64,0.204,15.15,66
2025-08-15T08:45:17.080215,AHU-2,23.19,0.214,12.67,70
2025-08-15T08:45:18.080215,AHU-3,21.81,0.221,14.92,71
2025-08-15T08:45:19.080215,AHU-1,21.52,0.217,16.96,74
2025-08-15T08:45:20.080215,AHU-2,21.31,0.213,13.22,67
2025-08-15T08:45:21.080215,AHU-3,21.92,0.206,14.07,77
2025-08-15T08:45:22.080215,AHU-1,20.74,0.21,15.7,73
2025-08-15T08:45:23.080215,AHU-2,20.71,0.206,16.29,64
2025-08-15T08:45:24.080215,AHU-3,21.07,0.206,15.06,50
2025-08-15T08:45:25.080215,AHU-1,20.56,0.203,15.29,50
2025-08-15T08:45:26.080215,AHU-2,23.38,0.227,16.41,58
2025-08-15T08:45:27.080215,AHU-3,22.47,0.203,15.48,60
2025-08-15T08:45:28.080215,AHU-1,20.95,0.232,16.24,64
2025-08-15T08:45:29.080215,AHU-2,23.04,0.222,16.05,72
2025-08-15T08:45:30.080215,AHU-3,22.01,0.205,14.74,56
2025-08-15T08:45:31.080215,AHU-1,21.85,0.221,15.3,69
2025-08-15T08:45:32.080215,AHU-2,21.8,0.217,17.51,60
2025-08-15T08:45:33.080215,AHU-3,20.24,0.205,17.78,67
2025-08-15T08:45:34.080215,AHU-1,20.56,0.224,16.36,78
2025-08-15T08:45:35.080215,AHU-2,21.22,0.207,16.95,75
2025-08-15T08:45:36.080215,AHU-3,21.79,0.211,13.31,76
2025-08-15T08:45:37.080215,AHU-1,20.09,0.223,12.54,56
2025-08-15T08:45:38.080215,AHU-2,24.07,0.211,16.78,78
2025-08-15T08:45:39.080215,AHU-3,23.2,0.22,14.67,78
2025-08-15T08:45:40.080215,AHU-1,22.07,0.203,15.69,59
2025-08-15T08:45:41.080215,AHU-2,22.48,0.221,15.04,51
2025-08-15T08:45:42.080215,AHU-3,21.42,0.203,15.77,53
2025-08-15T08:45:43.080215,AHU-1,21.96,0.204,13.74,61
2025-08-15T08:45:44.080215,AHU-2,21.84,0.227,16.47,52
2025-08-15T08:45:45.080215,AHU-3,22.19,0.224,14.55,54
2025-08-15T08:45:46.080215,AHU-1,20.24,0.223,15.3,77
2025-08-15T08:45:47.080215,AHU-2,22.3,0.21,15.3,61
2025-08-15T08:45:48.080215,AHU-3,21.34,0.223,16.96,67
2025-08-15T08:45:49.080215,AHU-1,23.44,0.22,14.62,70
2025-08-15T08:45:50.080215,AHU-2,23.17,0.227,15.09,53
2025-08-15T08:45:51.080215,AHU-3,23.01,0.206,16.39,70
2025-08-15T08:45:52.080215,AHU-1,22.73,0.207,13.71,57
2025-08-15T08:45:53.080215,AHU-2,22.15,0.239,14.88,57
2025-08-15T08:45:54.080215,AHU-3,22.4,0.203,12.33,78
2025-08-15T08:45:55.080215,AHU-1,20.88,0.231,14.18,59
2025-08-15T08:45:56.080215,AHU-2,22.16,0.211,17.17,56
2025-08-15T08:45:57.080215,AHU-3,21.04,0.236,13.51,61
2025-08-15T08:45:58.080215,AHU-1,22.57,0.21,16.94,61
2025-08-15T08:45:59.080215,AHU-2,20.45,0.203,15.76,68
2025-08-15T08:46:00.080215,AHU-3,22.35,0.222,12.3,70
2025-08-15T08:46:01.080215,AHU-1,22.02,0.252,13.06,66
2025-08-15T08:46:02.080215,AHU-2,21.36,0.213,17.17,67
2025-08-15T08:46:03.080215,AHU-3,21.08,0.203,17.77,63
2025-08-15T08:46:04.080215,AHU-1,22.2,0.216,15.46,56
2025-08-15T08:46:05.080215,AHU-2,22.28,0.209,13.1,73
2025-08-15T08:46:06.080215,AHU-3,23.25,0.214,15.71,61
2025-08-15T08:46:07.080215,AHU-1,21.64,0.207,15.79,67
2025-08-15T08:46:08.080215,AHU-2,22.23,0.206,18.5,73
2025-08-15T08:46:09.080215,AHU-3,22.22,0.227,14.38,79
2025-08-15T08:46:10.080215,AHU-1,22.46,0.216,14.71,69
2025-08-15T08:46:11.080215,AHU-2,23.79,0.209,16.17,78
2025-08-15T08:46:12.080215,AHU-3,20.96,0.22,13.87,51
2025-08-15T08:46:13.080215,AHU-1,22.78,0.206,17.85,55
2025-08-15T08:46:14.080215,AHU-2,22.32,0.257,14.01,79
2025-08-15T08:46:15.080215,AHU-3,22.11,0.222,15.2,54
2025-08-15T08:46:16.080215,AHU-1,20.45,0.208,19.13,71
2025-08-15T08:46:17.080215,AHU-2,20.94,0.243,15.45,54
2025-08-15T08:46:18.080215,AHU-3,21.32,0.225,13.64,59
2025-08-15T08:46:19.080215,AHU-1,22.91,0.242,18.13,72
2025-08-15T08:46:20.080215,AHU-2,21.15,0.209,15.54,56
2025-08-15T08:46:21.080215,AHU-3,22.1,0.218,15.33,64
2025-08-15T08:46:22.080215,AHU-1,20.99,0.229,16.23,64
2025-08-15T08:46:23.080215,AHU-2,22.7,0.226,14.95,59
2025-08-15T08:46:24.080215,AHU-3,21.98,0.208,12.27,65
2025-08-15T08:46:25.080215,AHU-1,22.23,0.235,16.4,57
2025-08-15T08:46:26.080215,AHU-2,22.74,0.223,14.24,78
2025-08-15T08:46:27.080215,AHU-3,23.01,0.223,12.41,55
2025-08-15T08:46:28.080215,AHU-1,22.21,0.204,12.38,55
2025-08-15T08:46:29.080215,AHU-2,21.97,0.215,13.64,59
2025-08-15T08:46:30.080215,AHU-3,21.82,0.221,14.6,56
2025-08-15T08:46:31.080215,AHU-1,21.5,0.217,15.34,63
2025-08-15T08:46:32.080215,AHU-2,22.54,0.216,13.67,78
2025-08-15T08:46:33.080215,AHU-3,22.01,0.206,12.25,59
2025-08-15T08:46:34.080215,AHU-1,22.44,0.22,16.69,59
2025-08-15T08:46:35.080215,AHU-2,21.05,0.218,14.23,54
2025-08-15T08:46:36.080215,AHU-3,20.09,0.205,15.19,55
2025-08-15T08:46:37.080215,AHU-1,23.26,0.215,13.82,78
2025-08-15T08:46:38.080215,AHU-2,21.16,0.213,15.72,64
2025-08-15T08:46:39.080215,AHU-3,22.22,0.252,15.11,55
2025-08-15T08:46:40.080215,AHU-1,21.63,0.215,16.48,67
2025-08-15T08:46:41.080215,AHU-2,22.01,0.21,13.95,75
2025-08-15T08:46:42.080215,AHU-3,20.88,0.216,14.38,61
2025-08-15T08:46:43.080215,AHU-1,21.68,0.218,15.96,65
2025-08-15T08:46:44.080215,AHU-2,21.36,0.212,14.28,75
2025-08-15T08:46:45.080215,AHU-3,21.19,0.211,13.63,64
2025-08-15T08:46:46.080215,AHU-1,21.21,0.216,12.19,52
2025-08-15T08:46:47.080215,AHU-2,21.65,0.23,15.72,57
2025-08-15T08:46:48.080215,AHU-3,22.63,0.224,13.69,73
2025-08-15T08:46:49.080215,AHU-1,22.43,0.209,15.45,58
2025-08-15T08:46:50.080215,AHU-2,22.52,0.23,14.02,61
2025-08-15T08:46:51.080215,AHU-3,21.17,0.227,13.86,71
2025-08-15T08:46:52.080215,AHU-1,23.3,0.228,12.94,76
2025-08-15T08:46:53.080215,AHU-2,23.63,0.221,16.32,55
2025-08-15T08:46:54.080215,AHU-3,22.4,0.239,18.4,54
2025-08-15T08:46:55.080215,AHU-1,23.13,0.204,15.58,67
2025-08-15T08:46:56.080215,AHU-2,20.75,0.204,12.3,68
2025-08-15T08:46:57.080215,AHU-3,22.34,0.205,14.61,66
2025-08-15T08:46:58.080215,AHU-1,23.06,0.208,14.49,62
2025-08-15T08:46:59.080215,AHU-2,21.67,0.209,17.49,73
2025-08-15T08:47:00.080215,AHU-3,22.59,0.208,13.81,69
2025-08-15T08:47:01.080215,AHU-1,22.3,0.239,14.29,78
2025-08-15T08:47:02.080215,AHU-2,21.14,0.215,16.08,59
2025-08-15T08:47:03.080215,AHU-3,21.43,0.214,17.28,67
2025-08-15T08:47:04.080215,AHU-1,21.59,0.228,18.11,62
2025-08-15T08:47:05.080215,AHU-2,20.9,0.219,15.09,59
2025-08-15T08:47:06.080215,AHU-3,22.26,0.203,13.6,70
2025-08-15T08:47:07.080215,AHU-1,21.84,0.23,11.83,68
2025-08-15T08:47:08.080215,AHU-2,21.03,0.226,14.96,75
2025-08-15T08:47:09.080215,AHU-3,21.87,0.231,14.74,53
2025-08-15T08:47:10.080215,AHU-1,23.18,0.212,15.86,65
2025-08-15T08:47:11.080215,AHU-2,22.85,0.206,14.8,72
2025-08-15T08:47:12.080215,AHU-3,22.84,0.207,14.22,72
2025-08-15T08:47:13.080215,AHU-1,22.34,0.234,14.71,56
2025-08-15T08:47:14.080215,AHU-2,22.82,0.207,16.26,66
2025-08-15T08:47:15.080215,AHU-3,21.31,0.214,13.85,78
2025-08-15T08:47:16.080215,AHU-1,22.15,0.218,16.28,68
2025-08-15T08:47:17.080215,AHU-2,23.01,0.211,14.7,72
2025-08-15T08:47:18.080215,AHU-3,22.31,0.207,14.22,70
2025-08-15T08:47:19.080215,AHU-1,24.02,0.231,15.45,75
2025-08-15T08:47:20.080215,AHU-2,22.87,0.234,14.44,53
2025-08-15T08:47:21.080215,AHU-3,20.83,0.229,11.75,72
2025-08-15T08:47:22.080215,AHU-1,21.99,0.204,16.37,64
2025-08-15T08:47:23.080215,AHU-2,21.17,0.237,13.45,71
2025-08-15T08:47:24.080215,AHU-3,22.03,0.225,14.53,54
2025-08-15T08:47:25.080215,AHU-1,20.89,0.212,16.97,54
2025-08-15T08:47:26.080215,AHU-2,21.88,0.249,13.82,78
2025-08-15T08:47:27.080215,AHU-3,22.15,0.222,16.01,75
2025-08-15T08:47:28.080215,AHU-1,22.65,0.206,16.24,73
2025-08-15T08:47:29.080215,AHU-2,21.73,0.211,16.73,63
2025-08-15T08:47:30.080215,AHU-3,21.28,0.234,13.99,66
2025-08-15T08:47:31.080215,AHU-1,22.23,0.223,13.94,52
2025-08-15T08:47:32.080215,AHU-2,21.44,0.246,15.55,67
2025-08-15T08:47:33.080215,AHU-3,20.57,0.208,17.54,75
2025-08-15T08:47:34.080215,AHU-1,21.6,0.213,18.5,71
2025-08-15T08:47:35.080215,AHU-2,22.77,0.208,13.42,50
2025-08-15T08:47:36.080215,AHU-3,23.14,0.209,15.22,60
2025-08-15T08:47:37.080215,AHU-1,22.88,0.217,17.48,79
2025-08-15T08:47:38.080215,AHU-2,20.01,0.212,12.31,79
2025-08-15T08:47:39.080215,AHU-3,20.88,0.225,14.46,68
2025-08-15T08:47:40.080215,AHU-1,21.26,0.206,14.69,53
2025-08-15T08:47:41.080215,AHU-2,21.98,0.205,13.45,63
2025-08-15T08:47:42.080215,AHU-3,23.13,0.231,17.12,69
2025-08-15T08:47:43.080215,AHU-1,22.32,0.213,15.48,71
2025-08-15T08:47:44.080215,AHU-2,23.67,0.205,13.65,60
2025-08-15T08:47:45.080215,AHU-3,22.75,0.212,15.81,69
2025-08-15T08:47:46.080215,AHU-1,22.22,0.211,15.98,79
2025-08-15T08:47:47.080215,AHU-2,21.95,0.211,19.75,68
2025-08-15T08:47:48.080215,AHU-3,22.32,0.226,13.08,78
2025-08-15T08:47:49.080215,AHU-1,21.23,0.233,12.82,55
2025-08-15T08:47:50.080215,AHU-2,22.26,0.23,13.16,50
2025-08-15T08:47:51.080215,AHU-3,21.72,0.227,16.15,52
2025-08-15T08:47:52.080215,AHU-1,20.72,0.228,15.78,50
2025-08-15T08:47:53.080215,AHU-2,20.81,0.223,16.12,69
2025-08-15T08:47:54.080215,AHU-3,20.27,0.212,14.41,61
2025-08-15T08:47:55.080215,AHU-1,21.47,0.212,16.37,78
2025-08-15T08:47:56.080215,AHU-2,21.68,0.218,16.75,78
2025-08-15T08:47:57.080215,AHU-3,21.56,0.23,16.22,68
2025-08-15T08:47:58.080215,AHU-1,22.87,0.229,13.95,62
2025-08-15T08:47:59.080215,AHU-2,21.53,0.219,17.1,56
2025-08-15T08:48:00.080215,AHU-3,22.58,0.204,13.13,53
2025-08-15T08:48:01.080215,AHU-1,21.26,0.238,16.86,50
2025-08-15T08:48:02.080215,AHU-2,22.48,0.219,13.74,68
2025-08-15T08:48:03.080215,AHU-3,21.36,0.222,14.99,68
2025-08-15T08:48:04.080215,AHU-1,21.09,0.221,14.95,53
2025-08-15T08:48:05.080215,AHU-2,22.33,0.224,15.25,72
2025-08-15T08:48:06.080215,AHU-3,22.52,0.232,15.93,70
2025-08-15T08:48:07.080215,AHU-1,21.97,0.219,14.19,72
2025-08-15T08:48:08.080215,AHU-2,22.24,0.218,14.21,57
2025-08-15T08:48:09.080215,AHU-3,21.03,0.243,15.89,71
2025-08-15T08:48:10.080215,AHU-1,22.14,0.213,15.6,57
2025-08-15T08:48:11.080215,AHU-2,22.07,0.206,16.99,79
2025-08-15T08:48:12.080215,AHU-3,22.03,0.213,17.48,69
2025-08-15T08:48:13.080215,AHU-1,21.6,0.221,16.46,52
2025-08-15T08:48:14.080215,AHU-2,22.55,0.248,15.03,63
2025-08-15T08:48:15.080215,AHU-3,22.28,0.254,14.08,64
2025-08-15T08:48:16.080215,AHU-1,21.29,0.218,12.49,52
2025-08-15T08:48:17.080215,AHU-2,20.85,0.203,12.09,66
2025-08-15T08:48:18.080215,AHU-3,22.19,0.212,14.0,75
2025-08-15T08:48:19.080215,AHU-1,21.52,0.205,17.04,73
2025-08-15T08:48:20.080215,AHU-2,21.73,0.232,13.93,62
2025-08-15T08:48:21.080215,AHU-3,23.16,0.221,14.84,52
2025-08-15T08:48:22.080215,AHU-1,21.12,0.208,14.56,55
2025-08-15T08:48:23.080215,AHU-2,22.37,0.211,14.43,53
2025-08-15T08:48:24.080215,AHU-3,21.91,0.205,13.28,64
2025-08-15T08:48:25.080215,AHU-1,23.37,0.212,14.39,66
2025-08-15T08:48:26.080215,AHU-2,22.35,0.22,15.02,53
2025-08-15T08:48:27.080215,AHU-3,21.75,0.252,16.29,78
2025-08-15T08:48:28.080215,AHU-1,21.24,0.215,16.0,78
2025-08-15T08:48:29.080215,AHU-2,21.08,0.226,13.77,53
2025-08-15T08:48:30.080215,AHU-3,22.18,0.232,16.71,77
2025-08-15T08:48:31.080215,AHU-1,21.14,0.265,16.36,67
2025-08-15T08:48:32.080215,AHU-2,20.98,0.208,15.65,70
2025-08-15T08:48:33.080215,AHU-3,22.51,0.214,17.36,65
2025-08-15T08:48:34.080215,AHU-1,20.83,0.213,16.92,71
2025-08-15T08:48:35.080215,AHU-2,21.7,0.215,16.85,59
2025-08-15T08:48:36.080215,AHU-3,22.43,0.207,14.92,78
2025-08-15T08:48:37.080215,AHU-1,22.39,0.236,17.54,60
2025-08-15T08:48:38.080215,AHU-2,23.42,0.219,13.49,69
2025-08-15T08:48:39.080215,AHU-3,22.51,0.22,14.93,79
2025-08-15T08:48:40.080215,AHU-1,21.15,0.226,16.29,79
2025-08-15T08:48:41.080215,AHU-2,20.83,0.207,15.2,62
2025-08-15T08:48:42.080215,AHU-3,21.8,0.221,14.26,61
2025-08-15T08:48:43.080215,AHU-1,21.5,0.203,11.8,64
2025-08-15T08:48:44.080215,AHU-2,23.62,0.207,15.32,53
2025-08-15T08:48:45.080215,AHU-3,22.22,0.211,16.69,60
2025-08-15T08:48:46.080215,AHU-1,21.33,0.211,17.2,57
2025-08-15T08:48:47.080215,AHU-2,23.37,0.208,17.43,74
2025-08-15T08:48:48.080215,AHU-3,21.9,0.233,14.54,57
2025-08-15T08:48:49.080215,AHU-1,20.84,0.225,16.25,66
2025-08-15T08:48:50.080215,AHU-2,22.3,0.235,15.35,72
2025-08-15T08:48:51.080215,AHU-3,21.39,0.21,14.38,59
2025-08-15T08:48:52.080215,AHU-1,21.49,0.229,15.77,72
2025-08-15T08:48:53.080215,AHU-2,20.68,0.204,15.28,63
2025-08-15T08:48:54.080215,AHU-3,21.59,0.22,16.8,50
2025-08-15T08:48:55.080215,AHU-1,22.65,0.21,14.68,54
2025-08-15T08:48:56.080215,AHU-2,22.84,0.221,16.07,56
2025-08-15T08:48:57.080215,AHU-3,22.1,0.216,12.92,62
2025-08-15T08:48:58.080215,AHU-1,22.22,0.214,13.6,75
2025-08-15T08:48:59.080215,AHU-2,21.31,0.221,14.89,61
2025-08-15T08:49:00.080215,AHU-3,22.29,0.21,17.04,63
2025-08-15T08:49:01.080215,AHU-1,22.35,0.215,15.13,78
2025-08-15T08:49:02.080215,AHU-2,21.66,0.209,17.96,60
2025-08-15T08:49:03.080215,AHU-3,22.3,0.219,13.2,52
2025-08-15T08:49:04.080215,AHU-1,20.97,0.209,16.09,69
2025-08-15T08:49:05.080215,AHU-2,21.87,0.216,17.03,55
2025-08-15T08:49:06.080215,AHU-3,21.08,0.212,14.13,63
2025-08-15T08:49:07.080215,AHU-1,21.26,0.205,17.67,78
2025-08-15T08:49:08.080215,AHU-2,20.12,0.256,13.88,72
2025-08-15T08:49:09.080215,AHU-3,21.73,0.205,15.05,72
2025-08-15T08:49:10.080215,AHU-1,22.25,0.224,14.87,68
2025-08-15T08:49:11.080215,AHU-2,23.23,0.229,15.57,61
2025-08-15T08:49:12.080215,AHU-3,21.01,0.205,17.62,60
2025-08-15T08:49:13.080215,AHU-1,22.38,0.231,15.87,52
2025-08-15T08:49:14.080215,AHU-2,21.89,0.221,16.98,78
2025-08-15T08:49:15.080215,AHU-3,22.71,0.209,15.7,69
2025-08-15T08:49:16.080215,AHU-1,21.79,0.24,15.39,56
2025-08-15T08:49:17.080215,AHU-2,20.82,0.233,16.42,63
2025-08-15T08:49:18.080215,AHU-3,21.75,0.217,14.83,52
2025-08-15T08:49:19.080215,AHU-1,22.84,0.213,15.69,68
2025-08-15T08:49:20.080215,AHU-2,23.1,0.223,16.52,69
2025-08-15T08:49:21.080215,AHU-3,21.69,0.203,12.77,75
2025-08-15T08:49:22.080215,AHU-1,23.15,0.24,14.28,73
2025-08-15T08:49:23.080215,AHU-2,22.8,0.221,15.5,58
2025-08-15T08:49:24.080215,AHU-3,21.77,0.244,16.73,64
2025-08-15T08:49:25.080215,AHU-1,21.51,0.207,16.62,77
2025-08-15T08:49:26.080215,AHU-2,22.32,0.221,15.88,62
2025-08-15T08:49:27.080215,AHU-3,19.68,0.215,15.62,58
2025-08-15T08:49:28.080215,AHU-1,22.7,0.229,14.53,65
2025-08-15T08:49:29.080215,AHU-2,24.17,0.235,14.79,78
2025-08-15T08:49:30.080215,AHU-3,22.44,0.212,17.31,56
2025-08-15T08:49:31.080215,AHU-1,21.26,0.221,13.97,74
2025-08-15T08:49:32.080215,AHU-2,21.93,0.208,15.12,69
2025-08-15T08:49:33.080215,AHU-3,21.77,0.206,16.21,74
2025-08-15T08:49:34.080215,AHU-1,22.04,0.209,15.74,63
2025-08-15T08:49:35.080215,AHU-2,21.99,0.207,15.89,71
2025-08-15T08:49:36.080215,AHU-3,21.95,0.251,16.39,62
2025-08-15T08:49:37.080215,AHU-1,21.56,0.215,15.59,58
2025-08-15T08:49:38.080215,AHU-2,22.79,0.225,15.99,59
2025-08-15T08:49:39.080215,AHU-3,22.18,0.205,13.12,54
2025-08-15T08:49:40.080215,AHU-1,21.22,0.219,12.54,77
2025-08-15T08:49:41.080215,AHU-2,19.73,0.227,13.61,63
2025-08-15T08:49:42.080215,AHU-3,22.32,0.205,13.86,79
2025-08-15T08:49:43.080215,AHU-1,21.77,0.21,13.41,70
2025-08-15T08:49:44.080215,AHU-2,21.69,0.21,15.23,56
2025-08-15T08:49:45.080215,AHU-3,21.4,0.21,14.55,78
2025-08-15T08:49:46.080215,AHU-1,22.13,0.209,14.11,68
2025-08-15T08:49:47.080215,AHU-2,22.03,0.207,13.63,54
2025-08-15T08:49:48.080215,AHU-3,22.83,0.215,15.4,69
2025-08-15T08:49:49.080215,AHU-1,21.51,0.206,14.28,66
2025-08-15T08:49:50.080215,AHU-2,23.39,0.206,15.33,64
2025-08-15T08:49:51.080215,AHU-3,21.81,0.224,13.0,55
2025-08-15T08:49:52.080215,AHU-1,21.91,0.206,14.29,72
2025-08-15T08:49:53.080215,AHU-2,21.93,0.224,17.36,60
2025-08-15T08:49:54.080215,AHU-3,22.24,0.221,14.49,63
2025-08-15T08:49:55.080215,AHU-1,22.86,0.217,18.1,53
2025-08-15T08:49:56.080215,AHU-2,22.32,0.206,15.71,50
2025-08-15T08:49:57.080215,AHU-3,21.24,0.248,14.12,51
2025-08-15T08:49:58.080215,AHU-1,21.68,0.226,17.92,55
2025-08-15T08:49:59.080215,AHU-2,21.5,0.218,14.62,53
2025-08-15T08:50:00.080215,AHU-3,22.22,0.224,14.25,62
2025-08-15T08:50:01.080215,AHU-1,23.11,0.248,13.82,78
2025-08-15T08:50:02.080215,AHU-2,21.25,0.22,13.44,76
2025-08-15T08:50:03.080215,AHU-3,23.17,0.225,13.67,65
2025-08-15T08:50:04.080215,AHU-1,21.72,0.227,11.91,57
2025-08-15T08:50:05.080215,AHU-2,22.26,0.211,15.12,63
2025-08-15T08:50:06.080215,AHU-3,22.96,0.206,13.89,66
2025-08-15T08:50:07.080215,AHU-1,22.82,0.211,15.82,71
2025-08-15T08:50:08.080215,AHU-2,22.46,0.212,13.65,60
2025-08-15T08:50:09.080215,AHU-3,23.26,0.231,15.35,71
2025-08-15T08:50:10.080215,AHU-1,22.18,0.209,15.29,64
2025-08-15T08:50:11.080215,AHU-2,22.75,0.205,14.29,57
2025-08-15T08:50:12.080215,AHU-3,22.23,0.218,15.63,77
2025-08-15T08:50:13.080215,AHU-1,21.85,0.213,13.15,70
2025-08-15T08:50:14.080215,AHU-2,22.04,0.228,15.83,60
2025-08-15T08:50:15.080215,AHU-3,22.0,0.239,11.98,77
2025-08-15T08:50:16.080215,AHU-1,21.94,0.213,17.67,68
2025-08-15T08:50:17.080215,AHU-2,19.85,0.205,14.34,58
2025-08-15T08:50:18.080215,AHU-3,21.74,0.224,13.75,77
2025-08-15T08:50:19.080215,AHU-1,22.89,0.214,12.33,61
2025-08-15T08:50:20.080215,AHU-2,21.86,0.215,14.54,64
2025-08-15T08:50:21.080215,AHU-3,22.64,0.211,14.28,62
2025-08-15T08:50:22.080215,AHU-1,22.32,0.212,13.63,59
2025-08-15T08:50:23.080215,AHU-2,22.66,0.222,14.01,77
2025-08-15T08:50:24.080215,AHU-3,22.49,0.209,17.7,71
2025-08-15T08:50:25.080215,AHU-1,20.87,0.209,16.75,51
2025-08-15T08:50:26.080215,AHU-2,21.38,0.204,12.71,55
2025-08-15T08:50:27.080215,AHU-3,22.5,0.215,16.52,64
2025-08-15T08:50:28.080215,AHU-1,22.73,0.219,13.79,73
2025-08-15T08:50:29.080215,AHU-2,22.27,0.211,13.45,66
2025-08-15T08:50:30.080215,AHU-3,21.8,0.204,11.85,52
2025-08-15T08:50:31.080215,AHU-1,22.15,0.211,16.77,71
2025-08-15T08:50:32.080215,AHU-2,22.35,0.234,14.1,67
2025-08-15T08:50:33.080215,AHU-3,22.34,0.214,13.48,59
2025-08-15T08:50:34.080215,AHU-1,22.58,0.205,14.37,51
2025-08-15T08:50:35.080215,AHU-2,22.42,0.208,12.69,50
2025-08-15T08:50:36.080215,AHU-3,22.32,0.212,16.24,55
2025-08-15T08:50:37.080215,AHU-1,22.3,0.207,15.63,73
2025-08-15T08:50:38.080215,AHU-2,21.73,0.214,16.27,50
2025-08-15T08:50:39.080215,AHU-3,20.26,0.205,17.65,60
2025-08-15T08:50:40.080215,AHU-1,21.41,0.22,14.49,61
2025-08-15T08:50:41.080215,AHU-2,22.47,0.204,14.5,51
2025-08-15T08:50:42.080215,AHU-3,23.38,0.226,18.05,78
2025-08-15T08:50:43.080215,AHU-1,22.75,0.204,14.79,60
2025-08-15T08:50:44.080215,AHU-2,22.86,0.208,16.14,62
2025-08-15T08:50:45.080215,AHU-3,21.73,0.216,15.06,65
2025-08-15T08:50:46.080215,AHU-1,22.57,0.206,14.86,63
2025-08-15T08:50:47.080215,AHU-2,21.68,0.244,15.55,62
2025-08-15T08:50:48.080215,AHU-3,22.91,0.207,14.61,71
2025-08-15T08:50:49.080215,AHU-1,22.46,0.223,14.55,60
2025-08-15T08:50:50.080215,AHU-2,22.54,0.249,13.79,65
2025-08-15T08:50:51.080215,AHU-3,22.35,0.217,14.76,70
2025-08-15T08:50:52.080215,AHU-1,20.18,0.218,11.82,72
2025-08-15T08:50:53.080215,AHU-2,21.9,0.238,16.71,55
2025-08-15T08:50:54.080215,AHU-3,23.01,0.205,14.09,74
2025-08-15T08:50:55.080215,AHU-1,23.08,0.204,16.3,60
2025-08-15T08:50:56.080215,AHU-2,22.87,0.223,14.12,58
2025-08-15T08:50:57.080215,AHU-3,22.06,0.218,17.07,59
2025-08-15T08:50:58.080215,AHU-1,22.15,0.23,14.77,76
2025-08-15T08:50:59.080215,AHU-2,22.4,0.217,14.73,52
2025-08-15T08:51:00.080215,AHU-3,22.73,0.208,14.79,65
2025-08-15T08:51:01.080215,AHU-1,21.86,0.21,12.44,50
2025-08-15T08:51:02.080215,AHU-2,22.14,0.228,15.65,63
2025-08-15T08:51:03.080215,AHU-3,22.35,0.222,16.45,59
2025-08-15T08:51:04.080215,AHU-1,22.54,0.221,16.56,65
2025-08-15T08:51:05.080215,AHU-2,21.78,0.209,15.7,56
2025-08-15T08:51:06.080215,AHU-3,22.15,0.21,14.51,59
2025-08-15T08:51:07.080215,AHU-1,22.78,0.203,14.56,68
2025-08-15T08:51:08.080215,AHU-2,22.64,0.22,15.66,62
2025-08-15T08:51:09.080215,AHU-3,20.78,0.223,15.44,55
2025-08-15T08:51:10.080215,AHU-1,21.53,0.216,15.04,65
2025-08-15T08:51:11.080215,AHU-2,22.57,0.214,13.09,73
2025-08-15T08:51:12.080215,AHU-3,21.5,0.225,16.16,63
2025-08-15T08:51:13.080215,AHU-1,22.17,0.21,12.62,78
2025-08-15T08:51:14.080215,AHU-2,21.75,0.209,14.55,79
2025-08-15T08:51:15.080215,AHU-3,21.77,0.208,14.57,68
2025-08-15T08:51:16.080215,AHU-1,22.32,0.248,17.13,68
2025-08-15T08:51:17.080215,AHU-2,21.67,0.22,16.51,69
2025-08-15T08:51:18.080215,AHU-3,21.97,0.205,14.25,53
2025-08-15T08:51:19.080215,AHU-1,22.36,0.212,14.94,65
2025-08-15T08:51:20.080215,AHU-2,21.54,0.208,16.46,57
2025-08-15T08:51:21.080215,AHU-3,20.77,0.233,16.91,58
2025-08-15T08:51:22.080215,AHU-1,21.14,0.215,16.93,63
2025-08-15T08:51:23.080215,AHU-2,22.49,0.229,14.72,56
2025-08-15T08:51:24.080215,AHU-3,22.09,0.218,13.77,50
2025-08-15T08:51:25.080215,AHU-1,22.28,0.215,16.26,79
2025-08-15T08:51:26.080215,AHU-2,23.04,0.215,15.04,70
2025-08-15T08:51:27.080215,AHU-3,21.98,0.226,14.39,59
2025-08-15T08:51:28.080215,AHU-1,21.51,0.212,16.77,73
2025-08-15T08:51:29.080215,AHU-2,21.96,0.218,16.25,75
2025-08-15T08:51:30.080215,AHU-3,21.46,0.219,14.94,75
2025-08-15T08:51:31.080215,AHU-1,22.63,0.208,15.85,75
2025-08-15T08:51:32.080215,AHU-2,21.81,0.234,16.63,74
2025-08-15T08:51:33.080215,AHU-3,22.01,0.229,15.6,72
2025-08-15T08:51:34.080215,AHU-1,22.21,0.242,13.67,51
2025-08-15T08:51:35.080215,AHU-2,21.23,0.206,16.01,66
2025-08-15T08:51:36.080215,AHU-3,22.4,0.216,14.09,66
2025-08-15T08:51:37.080215,AHU-1,23.12,0.219,13.23,68
2025-08-15T08:51:38.080215,AHU-2,22.87,0.209,14.77,68
2025-08-15T08:51:39.080215,AHU-3,24.18,0.231,13.32,56
2025-08-15T08:51:40.080215,AHU-1,23.19,0.23,17.16,55
2025-08-15T08:51:41.080215,AHU-2,21.54,0.213,14.4,66
2025-08-15T08:51:42.080215,AHU-3,22.53,0.228,17.19,67
2025-08-15T08:51:43.080215,AHU-1,22.69,0.21,15.06,72
2025-08-15T08:51:44.080215,AHU-2,20.44,0.204,13.74,60
2025-08-15T08:51:45.080215,AHU-3,22.09,0.229,12.76,74
2025-08-15T08:51:46.080215,AHU-1,22.1,0.205,14.2,50
2025-08-15T08:51:47.080215,AHU-2,21.96,0.222,16.02,78
2025-08-15T08:51:48.080215,AHU-3,21.39,0.22,14.16,55
2025-08-15T08:51:49.080215,AHU-1,22.27,0.207,17.11,62
2025-08-15T08:51:50.080215,AHU-2,20.94,0.22,10.41,54
2025-08-15T08:51:51.080215,AHU-3,20.73,0.226,15.06,58
2025-08-15T08:51:52.080215,AHU-1,21.62,0.214,16.62,71
2025-08-15T08:51:53.080215,AHU-2,23.36,0.22,13.11,75
2025-08-15T08:51:54.080215,AHU-3,22.13,0.213,14.97,58
2025-08-15T08:51:55.080215,AHU-1,24.0,0.216,14.96,75
2025-08-15T08:51:56.080215,AHU-2,23.68,0.216,16.33,71
2025-08-15T08:51:57.080215,AHU-3,22.23,0.204,14.6,64
2025-08-15T08:51:58.080215,AHU-1,21.0,0.207,14.5,75
2025-08-15T08:51:59.080215,AHU-2,21.39,0.217,16.05,78
2025-08-15T08:52:00.080215,AHU-3,21.62,0.213,13.48,66
2025-08-15T08:52:01.080215,AHU-1,21.17,0.243,14.56,58
2025-08-15T08:52:02.080215,AHU-2,21.8,0.209,15.53,57
2025-08-15T08:52:03.080215,AHU-3,22.12,0.23,14.74,71
2025-08-15T08:52:04.080215,AHU-1,22.4,0.217,15.78,69
2025-08-15T08:52:05.080215,AHU-2,20.82,0.246,13.22,53
2025-08-15T08:52:06.080215,AHU-3,23.46,0.213,17.06,50
2025-08-15T08:52:07.080215,AHU-1,21.18,0.217,14.59,75
2025-08-15T08:52:08.080215,AHU-2,23.53,0.22,13.79,63
2025-08-15T08:52:09.080215,AHU-3,22.09,0.216,17.09,52
2025-08-15T08:52:10.080215,AHU-1,21.81,0.206,16.58,70
2025-08-15T08:52:11.080215,AHU-2,22.24,0.206,13.01,51
2025-08-15T08:52:12.080215,AHU-3,22.81,0.216,15.3,72
2025-08-15T08:52:13.080215,AHU-1,20.89,0.212,15.4,52
2025-08-15T08:52:14.080215,AHU-2,21.72,0.232,17.66,64
2025-08-15T08:52:15.080215,AHU-3,21.65,0.23,13.2,65
2025-08-15T08:52:16.080215,AHU-1,22.71,0.216,14.89,56
2025-08-15T08:52:17.080215,AHU-2,21.33,0.213,14.19,52
2025-08-15T08:52:18.080215,AHU-3,21.79,0.208,15.37,79
2025-08-15T08:52:19.080215,AHU-1,21.26,0.227,13.48,55
2025-08-15T08:52:20.080215,AHU-2,22.15,0.231,11.22,58
2025-08-15T08:52:21.080215,AHU-3,22.64,0.234,15.46,65
2025-08-15T08:52:22.080215,AHU-1,22.97,0.224,15.57,62
2025-08-15T08:52:23.080215,AHU-2,20.67,0.251,14.58,65
2025-08-15T08:52:24.080215,AHU-3,21.16,0.206,17.61,76
2025-08-15T08:52:25.080215,AHU-1,22.9,0.224,16.18,58
2025-08-15T08:52:26.080215,AHU-2,22.22,0.227,15.27,58
2025-08-15T08:52:27.080215,AHU-3,23.37,0.204,16.12,75
2025-08-15T08:52:28.080215,AHU-1,21.29,0.212,14.67,68
2025-08-15T08:52:29.080215,AHU-2,21.88,0.211,13.98,74
2025-08-15T08:52:30.080215,AHU-3,21.41,0.223,15.65,55
2025-08-15T08:52:31.080215,AHU-1,21.54,0.208,14.19,59
2025-08-15T08:52:32.080215,AHU-2,20.46,0.209,14.73,65
2025-08-15T08:52:33.080215,AHU-3,22.68,0.227,12.71,61
2025-08-15T08:52:34.080215,AHU-1,20.91,0.216,13.92,77
2025-08-15T08:52:35.080215,AHU-2,21.72,0.212,15.96,63
2025-08-15T08:52:36.080215,AHU-3,22.45,0.211,14.75,70
2025-08-15T08:52:37.080215,AHU-1,20.88,0.221,14.02,61
2025-08-15T08:52:38.080215,AHU-2,21.19,0.206,13.37,51
2025-08-15T08:52:39.080215,AHU-3,21.97,0.242,14.03,51
2025-08-15T08:52:40.080215,AHU-1,20.87,0.229,12.59,76
2025-08-15T08:52:41.080215,AHU-2,21.81,0.221,13.91,76
2025-08-15T08:52:42.080215,AHU-3,21.29,0.209,16.07,57
2025-08-15T08:52:43.080215,AHU-1,21.98,0.238,15.93,50
2025-08-15T08:52:44.080215,AHU-2,23.48,0.204,16.92,67
2025-08-15T08:52:45.080215,AHU-3,22.06,0.239,16.32,61
2025-08-15T08:52:46.080215,AHU-1,21.97,0.21,14.93,64
2025-08-15T08:52:47.080215,AHU-2,22.42,0.219,14.62,74
2025-08-15T08:52:48.080215,AHU-3,22.06,0.24,15.54,60
2025-08-15T08:52:49.080215,AHU-1,22.32,0.231,16.97,63
2025-08-15T08:52:50.080215,AHU-2,22.28,0.213,13.65,67
2025-08-15T08:52:51.080215,AHU-3,22.82,0.211,12.03,69
2025-08-15T08:52:52.080215,AHU-1,21.51,0.215,15.36,55
2025-08-15T08:52:53.080215,AHU-2,22.56,0.232,15.99,50
2025-08-15T08:52:54.080215,AHU-3,20.26,0.23,15.04,68
2025-08-15T08:52:55.080215,AHU-1,22.38,0.232,15.64,69
2025-08-15T08:52:56.080215,AHU-2,22.11,0.205,15.54,55
2025-08-15T08:52:57.080215,AHU-3,22.24,0.208,12.51,77
2025-08-15T08:52:58.080215,AHU-1,21.54,0.208,16.97,68
2025-08-15T08:52:59.080215,AHU-2,22.44,0.214,15.51,61
2025-08-15T08:53:00.080215,AHU-3,21.31,0.205,14.29,72
2025-08-15T08:53:01.080215,AHU-1,21.47,0.211,16.12,65
2025-08-15T08:53:02.080215,AHU-2,21.49,0.217,15.35,50
2025-08-15T08:53:03.080215,AHU-3,21.97,0.213,14.84,61
2025-08-15T08:53:04.080215,AHU-1,21.65,0.21,15.8,71
2025-08-15T08:53:05.080215,AHU-2,22.25,0.228,16.71,79
2025-08-15T08:53:06.080215,AHU-3,21.37,0.241,15.53,65
2025-08-15T08:53:07.080215,AHU-1,21.67,0.208,15.1,63
2025-08-15T08:53:08.080215,AHU-2,22.77,0.21,11.34,74
2025-08-15T08:53:09.080215,AHU-3,22.81,0.224,16.36,52
2025-08-15T08:53:10.080215,AHU-1,22.68,0.206,15.9,78
2025-08-15T08:53:11.080215,AHU-2,23.05,0.208,16.01,65
2025-08-15T08:53:12.080215,AHU-3,22.24,0.236,14.04,66
2025-08-15T08:53:13.080215,AHU-1,22.08,0.213,15.15,68
2025-08-15T08:53:14.080215,AHU-2,21.3,0.212,16.1,68
2025-08-15T08:53:15.080215,AHU-3,20.81,0.232,14.6,50
2025-08-15T08:53:16.080215,AHU-1,22.71,0.238,17.63,70
2025-08-15T08:53:17.080215,AHU-2,22.5,0.207,16.61,70
2025-08-15T08:53:18.080215,AHU-3,23.39,0.228,12.97,59
2025-08-15T08:53:19.080215,AHU-1,21.82,0.227,15.51,70
2025-08-15T08:53:20.080215,AHU-2,21.3,0.224,18.25,51
2025-08-15T08:53:21.080215,AHU-3,21.7,0.226,18.11,60
2025-08-15T08:53:22.080215,AHU-1,22.75,0.214,15.57,74
2025-08-15T08:53:23.080215,AHU-2,22.6,0.212,15.46,73
2025-08-15T08:53:24.080215,AHU-3,21.09,0.214,15.81,64
2025-08-15T08:53:25.080215,AHU-1,21.83,0.213,17.59,54
2025-08-15T08:53:26.080215,AHU-2,23.39,0.21,17.32,75
2025-08-15T08:53:27.080215,AHU-3,21.38,0.214,14.05,66
2025-08-15T08:53:28.080215,AHU-1,23.25,0.209,14.98,63
2025-08-15T08:53:29.080215,AHU-2,21.87,0.236,16.09,63
2025-08-15T08:53:30.080215,AHU-3,21.95,0.214,14.83,67
2025-08-15T08:53:31.080215,AHU-1,22.04,0.227,16.39,69
2025-08-15T08:53:32.080215,AHU-2,21.71,0.22,14.12,78
2025-08-15T08:53:33.080215,AHU-3,21.42,0.205,14.81,71
2025-08-15T08:53:34.080215,AHU-1,22.54,0.232,11.99,66
2025-08-15T08:53:35.080215,AHU-2,21.64,0.209,15.65,72
2025-08-15T08:53:36.080215,AHU-3,21.85,0.21,14.54,78
2025-08-15T08:53:37.080215,AHU-1,21.74,0.239,15.47,53
2025-08-15T08:53:38.080215,AHU-2,21.51,0.221,12.61,64
2025-08-15T08:53:39.080215,AHU-3,20.41,0.208,12.78,52
2025-08-15T08:53:40.080215,AHU-1,22.37,0.236,13.53,77
2025-08-15T08:53:41.080215,AHU-2,21.73,0.211,12.29,57
2025-08-15T08:53:42.080215,AHU-3,21.98,0.241,15.27,68
2025-08-15T08:53:43.080215,AHU-1,22.63,0.22,14.29,79
2025-08-15T08:53:44.080215,AHU-2,22.9,0.218,14.05,78
2025-08-15T08:53:45.080215,AHU-3,22.68,0.233,13.74,60
2025-08-15T08:53:46.080215,AHU-1,21.42,0.22,16.28,66
2025-08-15T08:53:47.080215,AHU-2,21.39,0.236,13.15,74
2025-08-15T08:53:48.080215,AHU-3,21.08,0.21,12.5,66
2025-08-15T08:53:49.080215,AHU-1,23.47,0.227,12.13,64
2025-08-15T08:53:50.080215,AHU-2,21.92,0.214,15.64,70
2025-08-15T08:53:51.080215,AHU-3,22.09,0.227,17.64,58
2025-08-15T08:53:52.080215,AHU-1,20.34,0.223,14.75,52
2025-08-15T08:53:53.080215,AHU-2,22.16,0.211,16.24,77
2025-08-15T08:53:54.080215,AHU-3,20.43,0.233,17.8,52
2025-08-15T08:53:55.080215,AHU-1,21.48,0.228,15.93,66
2025-08-15T08:53:56.080215,AHU-2,23.03,0.206,14.81,58
2025-08-15T08:53:57.080215,AHU-3,22.26,0.226,14.79,56
2025-08-15T08:53:58.080215,AHU-1,22.85,0.211,14.54,78
2025-08-15T08:53:59.080215,AHU-2,21.94,0.233,12.81,56
2025-08-15T08:54:00.080215,AHU-3,22.0,0.213,16.43,68
2025-08-15T08:54:01.080215,AHU-1,22.39,0.238,15.39,61
2025-08-15T08:54:02.080215,AHU-2,21.99,0.219,15.06,66
2025-08-15T08:54:03.080215,AHU-3,22.53,0.238,13.4,77
2025-08-15T08:54:04.080215,AHU-1,21.27,0.213,9.27,54
2025-08-15T08:54:05.080215,AHU-2,21.13,0.235,16.41,62
2025-08-15T08:54:06.080215,AHU-3,21.7,0.207,14.72,69
2025-08-15T08:54:07.080215,AHU-1,21.63,0.231,15.0,65
2025-08-15T08:54:08.080215,AHU-2,21.78,0.213,15.1,73
2025-08-15T08:54:09.080215,AHU-3,21.97,0.21,15.45,56
2025-08-15T08:54:10.080215,AHU-1,21.55,0.235,13.01,68
2025-08-15T08:54:11.080215,AHU-2,22.46,0.21,17.79,50
2025-08-15T08:54:12.080215,AHU-3,21.21,0.21,15.81,64
2025-08-15T08:54:13.080215,AHU-1,23.21,0.223,15.01,67
2025-08-15T08:54:14.080215,AHU-2,22.09,0.208,16.99,78
2025-08-15T08:54:15.080215,AHU-3,22.16,0.21,15.01,60
2025-08-15T08:54:16.080215,AHU-1,21.33,0.207,16.51,53
2025-08-15T08:54:17.080215,AHU-2,21.18,0.214,14.98,79
2025-08-15T08:54:18.080215,AHU-3,22.64,0.208,15.35,53
2025-08-15T08:54:19.080215,AHU-1,22.89,0.235,16.43,52
2025-08-15T08:54:20.080215,AHU-2,21.4,0.222,16.39,54
2025-08-15T08:54:21.080215,AHU-3,22.11,0.218,15.79,61
2025-08-15T08:54:22.080215,AHU-1,21.71,0.221,17.02,62
2025-08-15T08:54:23.080215,AHU-2,21.88,0.216,16.64,75
2025-08-15T08:54:24.080215,AHU-3,22.21,0.209,16.67,69
2025-08-15T08:54:25.080215,AHU-1,21.78,0.216,16.44,77
2025-08-15T08:54:26.080215,AHU-2,21.35,0.217,14.93,76
2025-08-15T08:54:27.080215,AHU-3,22.89,0.205,16.97,72
2025-08-15T08:54:28.080215,AHU-1,20.61,0.25,15.68,58
2025-08-15T08:54:29.080215,AHU-2,22.09,0.242,12.82,55
2025-08-15T08:54:30.080215,AHU-3,22.01,0.233,13.38,53
2025-08-15T08:54:31.080215,AHU-1,21.04,0.209,15.33,56
2025-08-15T08:54:32.080215,AHU-2,20.74,0.214,16.42,51
2025-08-15T08:54:33.080215,AHU-3,22.07,0.204,16.45,55
2025-08-15T08:54:34.080215,AHU-1,21.48,0.207,16.37,57
2025-08-15T08:54:35.080215,AHU-2,20.63,0.228,15.59,70
2025-08-15T08:54:36.080215,AHU-3,22.27,0.217,15.69,72
2025-08-15T08:54:37.080215,AHU-1,22.58,0.206,15.66,64
2025-08-15T08:54:38.080215,AHU-2,22.77,0.235,15.48,78
2025-08-15T08:54:39.080215,AHU-3,21.78,0.217,16.98,73
2025-08-15T08:54:40.080215,AHU-1,22.58,0.204,18.28,76
2025-08-15T08:54:41.080215,AHU-2,22.01,0.206,15.2,52
2025-08-15T08:54:42.080215,AHU-3,21.6,0.211,16.01,75
2025-08-15T08:54:43.080215,AHU-1,22.15,0.213,15.08,53
2025-08-15T08:54:44.080215,AHU-2,21.84,0.212,14.58,75
2025-08-15T08:54:45.080215,AHU-3,21.04,0.206,16.01,68
2025-08-15T08:54:46.080215,AHU-1,21.6,0.211,16.95,69
2025-08-15T08:54:47.080215,AHU-2,22.65,0.217,15.83,71
2025-08-15T08:54:48.080215,AHU-3,22.31,0.212,16.18,52
2025-08-15T08:54:49.080215,AHU-1,22.11,0.224,15.99,79
2025-08-15T08:54:50.080215,AHU-2,22.17,0.213,15.11,74
2025-08-15T08:54:51.080215,AHU-3,21.9,0.219,16.29,75
2025-08-15T08:54:52.080215,AHU-1,20.83,0.215,17.06,79
2025-08-15T08:54:53.080215,AHU-2,23.0,0.208,14.38,70
2025-08-15T08:54:54.080215,AHU-3,22.31,0.233,13.52,54
2025-08-15T08:54:55.080215,AHU-1,21.84,0.205,17.17,73
2025-08-15T08:54:56.080215,AHU-2,21.56,0.204,16.12,62
2025-08-15T08:54:57.080215,AHU-3,21.69,0.213,15.53,50
2025-08-15T08:54:58.080215,AHU-1,20.94,0.239,15.61,53
2025-08-15T08:54:59.080215,AHU-2,22.45,0.212,15.29,71
2025-08-15T08:55:00.080215,AHU-3,21.22,0.207,16.5,65
2025-08-15T08:55:01.080215,AHU-1,23.07,0.206,14.44,62
2025-08-15T08:55:02.080215,AHU-2,21.66,0.237,15.32,75
2025-08-15T08:55:03.080215,AHU-3,23.66,0.213,17.29,60
2025-08-15T08:55:04.080215,AHU-1,21.08,0.224,13.72,74
2025-08-15T08:55:05.080215,AHU-2,21.92,0.216,18.03,67
2025-08-15T08:55:06.080215,AHU-3,22.48,0.232,14.57,70
2025-08-15T08:55:07.080215,AHU-1,22.14,0.213,11.63,63
2025-08-15T08:55:08.080215,AHU-2,21.81,0.234,14.03,63
2025-08-15T08:55:09.080215,AHU-3,22.16,0.215,12.53,57
2025-08-15T08:55:10.080215,AHU-1,21.9,0.219,14.69,72
2025-08-15T08:55:11.080215,AHU-2,22.22,0.21,17.16,76
2025-08-15T08:55:12.080215,AHU-3,20.98,0.218,12.71,65
2025-08-15T08:55:13.080215,AHU-1,22.04,0.206,12.61,71
2025-08-15T08:55:14.080215,AHU-2,23.04,0.223,15.95,55
2025-08-15T08:55:15.080215,AHU-3,21.32,0.216,15.62,66
2025-08-15T08:55:16.080215,AHU-1,22.12,0.212,13.28,65
2025-08-15T08:55:17.080215,AHU-2,21.78,0.248,16.69,56
2025-08-15T08:55:18.080215,AHU-3,21.31,0.222,15.85,57
2025-08-15T08:55:19.080215,AHU-1,22.03,0.207,12.61,75
2025-08-15T08:55:20.080215,AHU-2,21.15,0.223,14.53,62
2025-08-15T08:55:21.080215,AHU-3,20.67,0.236,16.95,67
2025-08-15T08:55:22.080215,AHU-1,20.32,0.208,14.33,54
2025-08-15T08:55:23.080215,AHU-2,22.28,0.233,15.18,66
2025-08-15T08:55:24.080215,AHU-3,21.44,0.212,18.38,69
2025-08-15T08:55:25.080215,AHU-1,21.57,0.22,15.67,50
2025-08-15T08:55:26.080215,AHU-2,22.95,0.22,18.23,75
2025-08-15T08:55:27.080215,AHU-3,23.51,0.217,13.6,77
2025-08-15T08:55:28.080215,AHU-1,21.62,0.228,13.27,69
2025-08-15T08:55:29.080215,AHU-2,22.28,0.208,14.09,62
2025-08-15T08:55:30.080215,AHU-3,22.38,0.218,15.66,60
2025-08-15T08:55:31.080215,AHU-1,21.37,0.217,16.32,50
2025-08-15T08:55:32.080215,AHU-2,22.04,0.229,14.3,53
2025-08-15T08:55:33.080215,AHU-3,22.95,0.244,14.37,76
2025-08-15T08:55:34.080215,AHU-1,22.45,0.204,14.62,51
2025-08-15T08:55:35.080215,AHU-2,20.84,0.236,14.47,54
2025-08-15T08:55:36.080215,AHU-3,22.95,0.205,14.44,71
2025-08-15T08:55:37.080215,AHU-1,21.88,0.208,17.7,57
2025-08-15T08:55:38.080215,AHU-2,21.66,0.213,15.52,55
2025-08-15T08:55:39.080215,AHU-3,22.2,0.217,15.22,54
2025-08-15T08:55:40.080215,AHU-1,21.04,0.214,16.88,58
2025-08-15T08:55:41.080215,AHU-2,22.34,0.218,13.67,74
2025-08-15T08:55:42.080215,AHU-3,21.76,0.206,12.17,71
2025-08-15T08:55:43.080215,AHU-1,20.87,0.206,16.58,54
2025-08-15T08:55:44.080215,AHU-2,20.96,0.215,13.13,74
2025-08-15T08:55:45.080215,AHU-3,21.49,0.213,15.62,79
2025-08-15T08:55:46.080215,AHU-1,20.62,0.207,15.02,66
2025-08-15T08:55:47.080215,AHU-2,21.42,0.229,16.24,70
2025-08-15T08:55:48.080215,AHU-3,20.96,0.229,14.85,59
2025-08-15T08:55:49.080215,AHU-1,21.14,0.223,15.43,67
2025-08-15T08:55:50.080215,AHU-2,22.01,0.217,14.63,57
2025-08-15T08:55:51.080215,AHU-3,22.81,0.207,16.57,61
2025-08-15T08:55:52.080215,AHU-1,22.37,0.212,12.54,63
2025-08-15T08:55:53.080215,AHU-2,21.04,0.207,16.26,59
2025-08-15T08:55:54.080215,AHU-3,22.64,0.218,12.46,66
2025-08-15T08:55:55.080215,AHU-1,21.24,0.23,14.28,53
2025-08-15T08:55:56.080215,AHU-2,20.09,0.209,11.97,67
2025-08-15T08:55:57.080215,AHU-3,20.78,0.212,16.72,65
2025-08-15T08:55:58.080215,AHU-1,22.02,0.212,17.15,60
2025-08-15T08:55:59.080215,AHU-2,22.32,0.232,16.44,52
2025-08-15T08:56:00.080215,AHU-3,22.53,0.211,18.07,76
2025-08-15T08:56:01.080215,AHU-1,22.23,0.205,17.82,59
2025-08-15T08:56:02.080215,AHU-2,21.62,0.219,15.92,52
2025-08-15T08:56:03.080215,AHU-3,21.5,0.206,14.2,70
2025-08-15T08:56:04.080215,AHU-1,22.19,0.213,12.7,74
2025-08-15T08:56:05.080215,AHU-2,20.57,0.215,16.36,63
2025-08-15T08:56:06.080215,AHU-3,21.81,0.212,14.2,63
2025-08-15T08:56:07.080215,AHU-1,21.78,0.205,14.96,57
2025-08-15T08:56:08.080215,AHU-2,22.38,0.214,14.05,65
2025-08-15T08:56:09.080215,AHU-3,21.86,0.205,15.12,71
2025-08-15T08:56:10.080215,AHU-1,20.86,0.244,13.71,56
2025-08-15T08:56:11.080215,AHU-2,21.26,0.222,16.99,65
2025-08-15T08:56:12.080215,AHU-3,20.5,0.216,17.83,56
2025-08-15T08:56:13.080215,AHU-1,21.89,0.21,14.01,68
2025-08-15T08:56:14.080215,AHU-2,22.14,0.207,14.69,63
2025-08-15T08:56:15.080215,AHU-3,22.88,0.218,15.52,66
2025-08-15T08:56:16.080215,AHU-1,22.72,0.225,13.84,52
2025-08-15T08:56:17.080215,AHU-2,21.89,0.211,16.78,76
2025-08-15T08:56:18.080215,AHU-3,21.29,0.259,15.78,54
2025-08-15T08:56:19.080215,AHU-1,21.99,0.223,16.41,68
2025-08-15T08:56:20.080215,AHU-2,20.52,0.228,14.69,68
2025-08-15T08:56:21.080215,AHU-3,22.64,0.228,14.98,74
2025-08-15T08:56:22.080215,AHU-1,22.61,0.214,13.49,61
2025-08-15T08:56:23.080215,AHU-2,22.38,0.211,14.36,64
2025-08-15T08:56:24.080215,AHU-3,22.24,0.239,15.48,50
2025-08-15T08:56:25.080215,AHU-1,21.64,0.206,14.82,54
2025-08-15T08:56:26.080215,AHU-2,21.34,0.235,16.36,79
2025-08-15T08:56:27.080215,AHU-3,23.42,0.21,15.37,51
2025-08-15T08:56:28.080215,AHU-1,22.6,0.205,13.34,60
2025-08-15T08:56:29.080215,AHU-2,22.93,0.209,14.34,56
2025-08-15T08:56:30.080215,AHU-3,21.62,0.228,14.8,78
2025-08-15T08:56:31.080215,AHU-1,22.7,0.237,15.67,54
2025-08-15T08:56:32.080215,AHU-2,22.34,0.233,13.35,69
2025-08-15T08:56:33.080215,AHU-3,22.37,0.207,15.29,71
2025-08-15T08:56:34.080215,AHU-1,22.05,0.223,15.79,56
2025-08-15T08:56:35.080215,AHU-2,22.13,0.212,13.39,73
2025-08-15T08:56:36.080215,AHU-3,23.29,0.23,13.66,55
2025-08-15T08:56:37.080215,AHU-1,22.03,0.215,17.09,75
2025-08-15T08:56:38.080215,AHU-2,22.32,0.236,16.18,62
2025-08-15T08:56:39.080215,AHU-3,21.88,0.243,17.04,78
2025-08-15T08:56:40.080215,AHU-1,23.62,0.237,14.94,61
2025-08-15T08:56:41.080215,AHU-2,23.7,0.211,18.93,75
2025-08-15T08:56:42.080215,AHU-3,20.49,0.219,12.62,64
2025-08-15T08:56:43.080215,AHU-1,21.34,0.238,15.77,77
2025-08-15T08:56:44.080215,AHU-2,22.28,0.207,11.75,58
2025-08-15T08:56:45.080215,AHU-3,23.48,0.226,13.97,66
2025-08-15T08:56:46.080215,AHU-1,21.46,0.233,14.5,71
2025-08-15T08:56:47.080215,AHU-2,22.51,0.247,14.19,76
2025-08-15T08:56:48.080215,AHU-3,20.91,0.23,14.2,52
2025-08-15T08:56:49.080215,AHU-1,21.91,0.234,14.75,59
2025-08-15T08:56:50.080215,AHU-2,22.27,0.207,15.13,69
2025-08-15T08:56:51.080215,AHU-3,21.62,0.23,13.32,65
2025-08-15T08:56:52.080215,AHU-1,23.96,0.23,13.11,77
2025-08-15T08:56:53.080215,AHU-2,21.85,0.231,18.3,56
2025-08-15T08:56:54.080215,AHU-3,22.13,0.222,16.82,65
2025-08-15T08:56:55.080215,AHU-1,21.95,0.228,16.2,77
2025-08-15T08:56:56.080215,AHU-2,21.11,0.206,15.16,50
2025-08-15T08:56:57.080215,AHU-3,23.94,0.23,16.14,72
2025-08-15T08:56:58.080215,AHU-1,21.74,0.216,14.02,50
2025-08-15T08:56:59.080215,AHU-2,22.95,0.218,13.32,50
2025-08-15T08:57:00.080215,AHU-3,22.69,0.236,18.14,65
2025-08-15T08:57:01.080215,AHU-1,22.5,0.223,16.57,51
2025-08-15T08:57:02.080215,AHU-2,21.55,0.213,17.04,68
2025-08-15T08:57:03.080215,AHU-3,21.19,0.222,14.25,72
2025-08-15T08:57:04.080215,AHU-1,23.1,0.209,13.95,65
2025-08-15T08:57:05.080215,AHU-2,22.48,0.209,15.61,66
2025-08-15T08:57:06.080215,AHU-3,22.05,0.227,14.93,77
2025-08-15T08:57:07.080215,AHU-1,22.33,0.211,14.53,62
2025-08-15T08:57:08.080215,AHU-2,22.22,0.247,17.0,77
2025-08-15T08:57:09.080215,AHU-3,22.54,0.206,15.73,68
2025-08-15T08:57:10.080215,AHU-1,20.9,0.206,14.6,55
2025-08-15T08:57:11.080215,AHU-2,22.0,0.226,14.12,59
2025-08-15T08:57:12.080215,AHU-3,22.77,0.229,15.12,50
2025-08-15T08:57:13.080215,AHU-1,22.44,0.214,17.9,58
2025-08-15T08:57:14.080215,AHU-2,21.3,0.217,19.58,66
2025-08-15T08:57:15.080215,AHU-3,21.87,0.211,14.9,66
2025-08-15T08:57:16.080215,AHU-1,23.86,0.217,13.35,68
2025-08-15T08:57:17.080215,AHU-2,21.9,0.211,13.46,63
2025-08-15T08:57:18.080215,AHU-3,22.98,0.213,16.35,56
2025-08-15T08:57:19.080215,AHU-1,22.93,0.223,15.71,76
2025-08-15T08:57:20.080215,AHU-2,21.43,0.207,13.18,51
2025-08-15T08:57:21.080215,AHU-3,23.04,0.223,14.08,77
2025-08-15T08:57:22.080215,AHU-1,21.59,0.213,13.71,53
2025-08-15T08:57:23.080215,AHU-2,22.79,0.244,13.98,74
2025-08-15T08:57:24.080215,AHU-3,22.43,0.231,12.83,59
2025-08-15T08:57:25.080215,AHU-1,21.93,0.213,14.15,66
2025-08-15T08:57:26.080215,AHU-2,20.3,0.214,13.52,66
2025-08-15T08:57:27.080215,AHU-3,20.49,0.234,15.06,67
2025-08-15T08:57:28.080215,AHU-1,21.47,0.234,12.01,73
2025-08-15T08:57:29.080215,AHU-2,23.25,0.213,17.21,53
2025-08-15T08:57:30.080215,AHU-3,22.33,0.216,16.1,51
2025-08-15T08:57:31.080215,AHU-1,22.19,0.216,16.05,59
2025-08-15T08:57:32.080215,AHU-2,23.39,0.222,17.18,65
2025-08-15T08:57:33.080215,AHU-3,21.95,0.25,12.43,51
2025-08-15T08:57:34.080215,AHU-1,22.52,0.23,16.14,70
2025-08-15T08:57:35.080215,AHU-2,22.21,0.222,15.01,65
2025-08-15T08:57:36.080215,AHU-3,20.56,0.207,14.52,55
2025-08-15T08:57:37.080215,AHU-1,23.07,0.228,14.91,61
2025-08-15T08:57:38.080215,AHU-2,21.99,0.216,13.35,52
2025-08-15T08:57:39.080215,AHU-3,21.62,0.231,14.71,73
2025-08-15T08:57:40.080215,AHU-1,21.54,0.229,13.74,50
2025-08-15T08:57:41.080215,AHU-2,22.25,0.206,14.94,59
2025-08-15T08:57:42.080215,AHU-3,22.39,0.227,15.55,62
2025-08-15T08:57:43.080215,AHU-1,22.01,0.224,16.01,50
2025-08-15T08:57:44.080215,AHU-2,21.44,0.208,14.07,65
2025-08-15T08:57:45.080215,AHU-3,22.63,0.214,11.57,77
2025-08-15T08:57:46.080215,AHU-1,21.2,0.223,13.11,51
2025-08-15T08:57:47.080215,AHU-2,22.02,0.223,13.6,53
2025-08-15T08:57:48.080215,AHU-3,21.09,0.232,13.93,58
2025-08-15T08:57:49.080215,AHU-1,22.65,0.231,16.74,78
2025-08-15T08:57:50.080215,AHU-2,20.27,0.215,16.34,72
2025-08-15T08:57:51.080215,AHU-3,21.9,0.214,16.87,69
2025-08-15T08:57:52.080215,AHU-1,22.01,0.217,13.84,52
2025-08-15T08:57:53.080215,AHU-2,22.86,0.241,13.56,61
2025-08-15T08:57:54.080215,AHU-3,21.8,0.213,13.35,68
2025-08-15T08:57:55.080215,AHU-1,21.32,0.223,17.4,79
2025-08-15T08:57:56.080215,AHU-2,22.58,0.239,13.78,71
2025-08-15T08:57:57.080215,AHU-3,20.83,0.215,15.91,78
2025-08-15T08:57:58.080215,AHU-1,20.63,0.215,15.65,56
2025-08-15T08:57:59.080215,AHU-2,22.3,0.222,14.77,64
2025-08-15T08:58:00.080215,AHU-3,21.97,0.214,16.53,61
2025-08-15T08:58:01.080215,AHU-1,21.45,0.211,16.68,62
2025-08-15T08:58:02.080215,AHU-2,22.52,0.205,12.86,57
2025-08-15T08:58:03.080215,AHU-3,22.42,0.243,17.46,55
2025-08-15T08:58:04.080215,AHU-1,23.67,0.223,13.87,66
2025-08-15T08:58:05.080215,AHU-2,22.06,0.213,16.06,64
2025-08-15T08:58:06.080215,AHU-3,19.86,0.255,13.15,50
2025-08-15T08:58:07.080215,AHU-1,22.58,0.213,12.3,52
2025-08-15T08:58:08.080215,AHU-2,22.95,0.212,14.55,57
2025-08-15T08:58:09.080215,AHU-3,20.55,0.22,17.23,59
2025-08-15T08:58:10.080215,AHU-1,21.27,0.206,13.77,66
2025-08-15T08:58:11.080215,AHU-2,19.82,0.222,15.45,74
2025-08-15T08:58:12.080215,AHU-3,23.11,0.22,14.66,72
2025-08-15T08:58:13.080215,AHU-1,22.29,0.237,17.33,51
2025-08-15T08:58:14.080215,AHU-2,21.98,0.218,14.02,68
2025-08-15T08:58:15.080215,AHU-3,22.22,0.226,15.37,72
2025-08-15T08:58:16.080215,AHU-1,20.91,0.226,16.34,66
2025-08-15T08:58:17.080215,AHU-2,21.85,0.22,15.17,78
2025-08-15T08:58:18.080215,AHU-3,22.79,0.224,17.47,74
2025-08-15T08:58:19.080215,AHU-1,21.06,0.214,13.88,79
2025-08-15T08:58:20.080215,AHU-2,21.94,0.208,14.76,54
2025-08-15T08:58:21.080215,AHU-3,23.09,0.223,15.11,59
2025-08-15T08:58:22.080215,AHU-1,22.36,0.234,16.09,61
2025-08-15T08:58:23.080215,AHU-2,22.22,0.238,14.94,51
2025-08-15T08:58:24.080215,AHU-3,20.93,0.227,16.91,79
2025-08-15T08:58:25.080215,AHU-1,21.96,0.23,16.51,52
2025-08-15T08:58:26.080215,AHU-2,22.16,0.214,13.78,74
2025-08-15T08:58:27.080215,AHU-3,21.89,0.215,13.8,55
2025-08-15T08:58:28.080215,AHU-1,23.05,0.221,17.45,63
2025-08-15T08:58:29.080215,AHU-2,21.36,0.206,13.58,53
2025-08-15T08:58:30.080215,AHU-3,22.53,0.244,16.9,56
2025-08-15T08:58:31.080215,AHU-1,20.5,0.216,15.59,78
2025-08-15T08:58:32.080215,AHU-2,21.42,0.228,14.16,75
2025-08-15T08:58:33.080215,AHU-3,22.9,0.211,16.18,67
2025-08-15T08:58:34.080215,AHU-1,21.97,0.212,14.52,62
2025-08-15T08:58:35.080215,AHU-2,21.27,0.208,15.48,74
2025-08-15T08:58:36.080215,AHU-3,22.23,0.209,12.64,75
2025-08-15T08:58:37.080215,AHU-1,22.18,0.224,14.68,65
2025-08-15T08:58:38.080215,AHU-2,21.8,0.248,13.21,67
2025-08-15T08:58:39.080215,AHU-3,22.41,0.253,14.94,65
2025-08-15T08:58:40.080215,AHU-1,21.08,0.217,15.5,59
2025-08-15T08:58:41.080215,AHU-2,21.24,0.223,14.25,63
2025-08-15T08:58:42.080215,AHU-3,21.57,0.223,14.23,71
2025-08-15T08:58:43.080215,AHU-1,22.03,0.229,16.7,55
2025-08-15T08:58:44.080215,AHU-2,22.44,0.218,15.22,61
2025-08-15T08:58:45.080215,AHU-3,22.39,0.248,15.01,79
2025-08-15T08:58:46.080215,AHU-1,20.94,0.219,15.87,52
2025-08-15T08:58:47.080215,AHU-2,20.82,0.232,14.63,74
2025-08-15T08:58:48.080215,AHU-3,21.03,0.205,14.03,65
2025-08-15T08:58:49.080215,AHU-1,21.11,0.234,13.68,52
2025-08-15T08:58:50.080215,AHU-2,21.1,0.211,15.25,54
2025-08-15T08:58:51.080215,AHU-3,20.55,0.232,15.98,67
2025-08-15T08:58:52.080215,AHU-1,21.61,0.216,12.25,72
2025-08-15T08:58:53.080215,AHU-2,23.25,0.248,15.62,66
2025-08-15T08:58:54.080215,AHU-3,22.12,0.208,14.28,70
2025-08-15T08:58:55.080215,AHU-1,21.98,0.235,14.47,61
2025-08-15T08:58:56.080215,AHU-2,21.64,0.211,17.65,75
2025-08-15T08:58:57.080215,AHU-3,21.81,0.232,15.96,79
2025-08-15T08:58:58.080215,AHU-1,21.74,0.208,15.62,73
2025-08-15T08:58:59.080215,AHU-2,21.72,0.219,16.15,61
2025-08-15T08:59:00.080215,AHU-3,23.25,0.205,15.72,79
2025-08-15T08:59:01.080215,AHU-1,22.07,0.26,12.62,53
2025-08-15T08:59:02.080215,AHU-2,20.93,0.21,15.06,73
2025-08-15T08:59:03.080215,AHU-3,21.0,0.234,11.08,66
2025-08-15T08:59:04.080215,AHU-1,22.59,0.218,13.62,79
2025-08-15T08:59:05.080215,AHU-2,21.28,0.22,15.64,77
2025-08-15T08:59:06.080215,AHU-3,22.11,0.224,17.39,68
2025-08-15T08:59:07.080215,AHU-1,22.22,0.243,13.89,64
2025-08-15T08:59:08.080215,AHU-2,21.8,0.22,15.23,74
2025-08-15T08:59:09.080215,AHU-3,23.21,0.205,15.12,77
2025-08-15T08:59:10.080215,AHU-1,23.75,0.249,13.94,75
2025-08-15T08:59:11.080215,AHU-2,20.56,0.237,16.25,63
2025-08-15T08:59:12.080215,AHU-3,22.25,0.229,15.82,58
2025-08-15T08:59:13.080215,AHU-1,22.22,0.223,15.52,53
2025-08-15T08:59:14.080215,AHU-2,21.94,0.228,15.65,73
2025-08-15T08:59:15.080215,AHU-3,20.37,0.227,14.71,69
2025-08-15T08:59:16.080215,AHU-1,22.78,0.208,13.49,63
2025-08-15T08:59:17.080215,AHU-2,20.85,0.207,13.87,60
2025-08-15T08:59:18.080215,AHU-3,22.07,0.224,14.15,65
2025-08-15T08:59:19.080215,AHU-1,22.18,0.221,14.33,52
2025-08-15T08:59:20.080215,AHU-2,21.15,0.268,14.45,77
2025-08-15T08:59:21.080215,AHU-3,22.09,0.213,11.75,68
2025-08-15T08:59:22.080215,AHU-1,20.83,0.243,15.41,73
2025-08-15T08:59:23.080215,AHU-2,21.64,0.207,17.61,68
2025-08-15T08:59:24.080215,AHU-3,22.56,0.245,15.97,56
2025-08-15T08:59:25.080215,AHU-1,22.14,0.215,16.74,51
2025-08-15T08:59:26.080215,AHU-2,21.82,0.217,16.87,62
2025-08-15T08:59:27.080215,AHU-3,22.32,0.226,15.67,62
